Common Name,Trevally (L),Rock fish (L),Sail fish,Skipjack tuna,Yellowfin tuna,Sardinella,Sharks,Herrings,Indian Mackerel,Pony fish,Katuwalla,Anchovy,"Prawns (M) 3""",Marlins,Frigate tuna,Atawalla,Red Bream,Big eye scade,Ginnati Paraw,Needle fish,Indian Anchovies,Barracuda,Indian Scad,Rainbow Runner,Threadfin  Bream,White Sardinella,Squids /Cuttle fish,Sea Crabs,Tilapia (M)
 1st Week February,540,500,642.5,271.67,585,135,552,288.33,405.83,120,165,287.5,817.5,841.67,255,320,650,373.33,536.67,415,796.67,536.67,217.5,297,458.75,98,750,491.67,390
 1st week September,,,,,,,,,,,,,,,,,,,,,,,,,,,,,
 ,,,,,,,,,,,,,,,,,,,,,,,,,,,,,
 ,,,,,,,,,,,,,,,,,,,,,,,,,,,,,
 1st week April,835,,1120,586.67,906.6,180,,364.83,,380,330,,,890,300,,666.67,400.75,,460,,610.6,,,,­,,800,
 1st week August,587.5,350,703.57,384.29,638.33,194.29,610,355,410,­,­,­,912.5,879,276.67,365,700,315.71,503.33,528.57,778.57,700,241.43,334.29,525,155,837.5,600,293.33
 1st Week December,660,­,720,436,622,233.33,­,435,577.5,150,­,350,1000,853.33,400,500,687.5,450,300,517.5,850,­,354.17,450,440,150,875,510,320
 1st week February,476.43,425,673.57,338.57,471.43,170,633.33,503.33,512.5,126,302.5,307.14,1030,870,353,466.67,630,465,516.67,497.14,­,634,349.17,348,573.33,122.86,682.14,528.57,394
  1st Week January,1024,,1105,640,963.33,260,,356,,240,­,,,890,400,,720,446.67,,480,,728,,,,­,,800,
 1st Week January ,566.67,­,671.43,344.29,530,200,­,450,463,128.33,­,­,1010,820,358,400,680,382.5,­,483.57,1100,630,245.82,333.33,575,163.33,746.67,516.67,317.5
 1st week July,1150,,1220.83,733.33,1075.67,­,,540,,240,­,,,960,520,,800,500,,720,,1040,,,,400,,­,
  1st week June,682.5,­,700,417.5,687.5,226,700,434,550,150,280,357.5,910,850,413.33,450,750,470,724,572.5,850,720,466,417.5,675,­,800,595,383.33
 1st week March,471.43,515,668.33,331.43,495.71,138.57,580,307.14,411.43,120,257.5,252.5,764.29,810,257.5,332,535,461.67,504,400,775,459,245,363,413.33,99.29,656.29,570,350
 1st week May,990,,1162,730,1072,200,,­,,­,­,,,960,485,,590,550,,­,,946.7,,,,­,,800,
 1st week November,400,­,­,390,620,160,­,397.5,413.75,133.33,220,247.5,1100,750,300,350,437.5,282,423.75,422,­,520,286,350,361,137,­,600,310
 1st week October,460,466.67,718.33,380,611.43,148,550,322.14,394.29,150,200,250,939.29,883,236.67,325,612.5,258.57,532.14,370.71,645.83,515.83,193.57,340,313.57,113.57,840,600,340
 1st week September,606,­,700,365,810,262.14,633.33,393,565.71,162.5,­,300,1078.57,880,391.25,408.33,780,370.71,778.33,568.53,676.67,­,330,392.86,503,184,895,550,335
 ,,,,,,,,,,,,,,,,,,,,,,,,,,,,,
 ,,,,,,,,,,,,,,,,,,,,,,,,,,,,,
 ,,,,,,,,,,,,,,,,,,,,,,,,,,,,,
 ,,,,,,,,,,,,,,,,,,,,,,,,,,,,,
                                                                              ,,,,,,,,,,,,,,,,,,,,,,,,,,,,,
 2nd week February,562.86,515.83,614.17,301.43,581.67,132,541,345,480,129.17,180,312.5,822.86,833.33,260,355,628,425.71,525,395,786.43,516,219,322,446,93,753.57,516.67,381.25
 2nd week April,935,,1080,780,892,180,,484,,160,300,,,890,300,,613.33,447,,­,,689.17,,,,­,,800,
 2nd week August,683.33,­,718.75,366.67,660,218.33,612.5,403.75,485,­,270,305,900,877.5,350,380,600,355,725,553,825,300,355,350,530,166.67,700,610,346
  2nd Week January,660.83,525,622.86,280.83,585.14,135,535.71,266.43,445.29,116,230,100,775.71,809.29,269.17,290,613.33,395,557.5,400.71,818.75,526.67,228.57,290,526.67,106,600,439.17,379
 2nd Week January ,640,­,651,340,450,245,600,460,550,144,400,220,1033.33,814,450,440,725,450,425,497.5,1010,630,315,388.33,640,182.5,760,453.33,450
 2nd week July,1120,,1227.5,666.67,1065.33,270,,535,,­,­,,,960,400,,760,532,,720,,775,,,,­,,1000,
  2nd week June,726,400,748,480,724,252.5,600,450,590,­,330,340,933.33,855,465,560,765,507.5,680,601,950,650,473,533.33,­,­,900,580,362.5
 2nd week March,466.67,433.33,682.5,289.17,485,120,600,292.5,410.83,140,246,289,783.33,787.5,295,333.33,550,360,500,442.5,730,475,274.13,309.17,400,88.33,750,576.67,350
 2nd  week May,650,­,728.33,385.83,675,184.29,600,425,578.57,150,266.67,380,855,865,276,352,712.5,474.13,650,545,390,700,331.67,374.17,­,160,850.63,590,385
 2nd week November,505,413.33,685,355,625,187.5,578.75,340,333.33,136.67,225,223.33,1062.5,852.5,257.5,374,581.25,286,600,410,825,565,245.83,325.6,326,162,840,450,356.67
 2nd week October,470,425,731.67,338.33,560,172,600,353,342.5,130,­,250,1037.5,862,258.33,310,600,225,550,350.83,656.25,487.5,195.83,275.83,352.5,108,795,600,315
 2nd week September,1207.5,,1240,760,1074,326,,497.5,,,,,,950,430,,773.3333333333334,494,,,,618,,,,,,1250,
 ,,,,,,,,,,,,,,,,,,,,,,,,,,,,,
 ,අංජිලා (කපන),,කෙලවල්ලා,තලපත්,කොප්පරා,පරව් (ලොකු),,පරා කූරි,,ලේන පරව්,ගල් මාළු (S),,,ලෝමැස්සා,මෝරා,,යක් සාලයා,මට්ට සාලයා,,කුම්බලා,,කටුවල්ලා,,,,හැඩැල්ලා,,ලින්නා,
 ,1800.0,,1074.0,1240.0,950.0,1207.5,,1010.0,,530.0,720.0,,,560.0,865.0,,280.0,326.0,,554.0,,,,,,,,456.8,
 2nd week September,590,­,700,420,790,252,625,397,582.5,166.67,180,316,1120,860,377,402.5,743.33,380,770,541.67,641.67,800,343.33,401.67,438.33,161,943.75,550,376.66
 ,,,,,,,,,,,,,,,,,,,,,,,,,,,,,
 ,,,,,,,,,,,,,,,,,,,,,,,,,,,,,
 ,,,,,,,,,,,,,,,,,,,,,,,,,,,,,
 ,,,,,,,,,,,,,,,,,,,,,,,,,,,,,
                                                                              ,,,,,,,,,,,,,,,,,,,,,,,,,,,,,
 3rd week February,516,665,637.5,305,550,144,616.67,346.25,457.5,123.33,210,283.33,740,683.33,286.67,300,583.33,425,509,426,837.5,525,227,330,400,106.25,660,500,300
 3rd week September,1270,,1235,780,1105,335.33333333333337,,573.3333333333334,,266.6666666666667,,,,950,500,,960,418,,,,665,,,,,,1050,
 ,,,,,,,,,,,,,,,,,,,,,,,,,,,,,
 ,,,,,,,,,,,,,,,,,,,,,,,,,,,,,
 ,අංජිලා (කපන),,කෙලවල්ලා,තලපත්,කොප්පරා,පරව් (ලොකු),,පරා කූරි,,ලේන පරව්,ගල් මාළු (S),,,ලෝමැස්සා,මෝරා,,යක් සාලයා,මට්ට සාලයා,,කුම්බලා,,කටුවල්ලා,,,,හැඩැල්ලා,,ලින්නා,
 ,2360.0,,1105.0,1235.0,950.0,1270.0,,933.3333333333334,,495.0,,,,680.0,920.0,,190.0,335.33333333333337,,602.6666666666667,,,,,,1197.5,,402.66666666666663,
 3rd week April,576.67,­,675,370,633.33,176.67,­,380,533.33,120,200,230,855,817.5,410,350,665,460,700,400,676.67,575,335,300,500,­,766.67,525,376.67
 3rd week August,633.33,350,724.29,416,658.33,251.43,587.5,390,531.43,150,­,320,914.29,888,395,445,650,380,724.17,564.29,654.29,680,371.67,471.43,383.33,158,907.14,590,326.67
  3rd Week January,568,450,621,273.75,652,126,545,270,472,155,350,­,816,814,245,265,655,438,537.5,431,837.5,600,234,312.5,473.33,103.75,600,509,400
 3rd Week January ,625,450,663.33,438,610,195,600,446.67,566,215,400,308.33,921.43,845,390,405,675,480,545,510,1000,650,332.5,414.17,598,149,767.86,475,450
 3rd week July,650,575,716,354,646,218,626.67,387,370,­,­,­,900,884,356.67,428,700,350,750,529,750,750,296,362.5,595,140,870,556,322.5
  3rd week June,640,­,768.75,464.16,680,282,625,450,600,­,­,­,915,881.25,416.66,516.66,676.66,470,714,576,810,650,361,434,690,175,900,615,360
 3rd week March,480,400,625,248.33,501.67,133.33,600,259.17,421.67,233.33,207,252.5,788.33,720,227.5,306,540,361,550,385,850,444,217.5,320,380,86.25,660,560,361.67
  3rd week May,636.67,700,700,305,693.33,185,650,440,517.5,125,,,887.5,853.33,297.5,415,675,373.33,625,537.5,600,675,278.75,322.5,600,137.5,787.5,595,403.33
 3rd week November,928,,1172.5,760,1035,293.33,,466,,160,270,,,895,400,,790,372,,523.33,,782.5,,,,210,,1023.33,
 3rd week October,412.5,475,729.29,320,397.14,176,576.67,362.14,372.86,140,150,254.29,1087.5,860,226,300,600,247.14,549,360.71,720,481.25,236.43,306.67,365.71,106.67,806.25,600,310
 3rd week September,576.67,400,700,335.83,724.29,216,591.67,398,395,176.67,­,324.17,1160,880,348,350,733.33,326,662.5,520,642.14,­,284.29,412.5,456.43,159,850,600,352
 ,,,,,,,,,,,,,,,,,,,,,,,,,,,,,
                                                                              ,,,,,,,,,,,,,,,,,,,,,,,,,,,,,
 4th week September,1080,,1340,693.3333333333334,1143.3333333333333,235,,475,,200,,,,,,,,420,,,,665,,,,,,1100,
 ,,,,,,,,,,,,,,,,,,,,,,,,,,,,,
 ,අංජිලා (කපන),,කෙලවල්ලා,තලපත්,කොප්පරා,පරව් (ලොකු),,පරා කූරි,,ලේන පරව්,ගල් මාළු (S),,,ලෝමැස්සා,මෝරා,,යක් සාලයා,මට්ට සාලයා,,කුම්බලා,,කටුවල්ලා,,,,හැඩැල්ලා,,ලින්නා,
 ,0.0,,1143.3333333333333,1340.0,0.0,1080.0,,680.0,,395.0,0.0,,,593.3333333333334,0.0,,180.0,230.0,,542.5,,0.0,,,,860.0,,346.6666666666667,
 4th week April,663.33,550,708.33,384,683.33,194.17,550,443,560,130,340,400,850,838.33,410,433.33,600,550,600,470,775,550,446.25,280,530,155,783.33,565,414
 4th week August,630,425,754.17,362.86,619.17,270,600.83,364.17,530.83,160,­,315,963.33,911,375,380,680,414.29,750,581,583.33,700,277.86,375.83,451.67,177,925,600,346.67
  4thWeek December,540,550,681.67,387.5,531.67,210,626.67,450,550,143.33,220,300,925,770,400,466.67,625,438,600,465,1150,700,309,432,650,151,825,475,374
 4th week February,530,433.33,692,365,511.43,150,597.14,349.29,409.17,100,250,228,825.83,830,253.33,350,605,431,502.14,397,730,528.75,218.57,315.83,450,118.75,670,587.5,380
  4th Week January,608.33,550,628,280.83,587.86,128.57,558.33,264.29,422.14,132.86,262.5,250,838.33,822.5,227.5,295,700,360,566.67,427.14,785.71,613.33,209.29,287.86,516.67,108.33,792.14,560,382.5
 4th Week January ,632.5,450,665.71,415,625,202.5,­,507.5,550,150,335,297,858.33,863.57,413.33,437.5,700,540,561,572.5,850,700,428.75,440,­,155,751.67,440,376.67
 4th week July,610,400,736,414.17,683.33,218.57,636.67,395.71,430,­,­,425,883.33,880,368,436.67,713.33,383.57,700,531.67,814.29,693.33,416,420,574,136,855,572,300
  4th week June,635,400,712,415,700,300,600,456,620.83,­,400,­,925,869,408,426,766.67,513,793.33,600,785,700,466.67,443.33,500,188.33,865,582.5,383.33
 4th week March,944,,1106.67,646.67,873.33,200,,399.33,,180,360,,,890,320,,800,420,,­,,672.5,,,,­,,800,
  4th week May,638,400,750,360.83,601.43,172.86,650,452.5,525.71,150,206.67,­,857.14,877.5,343.33,350,705,477.5,965,548.57,705,700,310.83,368.75,615,160,762.5,586.67,363.33
 4th Week November,600,462.5,700,345.83,557.5,230,600,397.5,432.86,126.67,­,302.5,1083.33,976.67,390,465,633.33,375,575,452,783.33,650,282.86,300,401.25,131,783.33,520,320
 4th week October,437.5,450,711.67,302.5,454,162,576.25,331.67,320,150,200,268,1190,832,240,315,565,306.25,470,366,850,500,252.5,305,350,116,787.5,625,330
 4th week September,540,425,704,360,682.86,196.43,613,356.43,460,163.33,­,282.5,1028.57,892,360,375,700,309.17,630,486.43,721.43,700,325.71,375,458.33,143.33,875,600,362.5
 ,,,,,,,,,,,,,,,,,,,,,,,,,,,,,
                                                                              ,,,,,,,,,,,,,,,,,,,,,,,,,,,,,
,1033.33,900,1310,665,1050,283.33,,625,718.75,260,350,450,1150,,,,,,650,875,1066.67,,,633.33,750,183.33,1095.83,,
,  , ,,,,,,,,,,,,,,,,,,,,,,,,,,,
, , ,,, ,,,,,,,,,,,,,,,,,,,,,,,,
 2nd week of Apr.,1430,1460,1550,850,1121.67,654.17,1300,785.71,921.43,433.33,666.67,525,1325,1950,,,,853.57,1225,1150,1300,,,850,1100,380,1750,,
  ,  , ,,, ,,,,,,,,,,,,,,,,,,,,,,,,
 ,,,,,,,,,,,,,, ,,,,, ,, ,,,,,,,,
 , , ,,,,,,,,, ,,,,,,,,,, ,,,, ,,,,
 , ,,,,,,,,,,,,,,,,,,,,,,,,,,,,
 ,,,,,,,,,,,,,,,,,,, ,,,,,,,,,,
 ,,,,, ,,,,,,,,,,,,,,,,,,,,, ,,,
 1st week of Apr.,975,1150,1266.67,704.17,915,437,900,685,725,341.67,437.5,543.75,1325,1458.33,,,,690,950,885,1020,,,670,940,310,1471.43,,350
  ,  , ,,, ,,,,,,,,,,,,,,,,,,,,,,,,
 ,,,,,,,,,,,,,, ,,,,, ,, ,,,,,,,,
 , , ,,,,,,,,, ,,,,,,,,,, ,,,, ,,,,
 , ,,,,,,,,,,,,,,,,,,,,,,,,,,,,
 ,,,,,,,,,,,,,,,,,,, ,,,,,,,,,,
 ,,,,,,,,,,,,,,,,,,,,,,,,,, ,,,
 1st week of Apr.,1042.86,1107.14,1535,635.71,1025,390,1300,546.43,757.14,315,450,500,1707.14,1771.43,,,,678.57,971.43,821.43,1228.57,,,671.43,914.29,257.5,1585.71,,525
  ,  , ,, , ,,,,,,,,,,,,,,,,,,,,,,,,
 , , ,,,,,,,,,,,, ,,,,, ,, ,,,,,,,,
  , , ,, ,,, ,,,, , ,,,,,,,,, ,,,, ,,,,
  , , ,,,,,,,,,,,,,,,, ,,,,,,,,,,,
  , ,, , ,,, ,,,,,,,,,,,, ,,,,,,,,,,
 ,,,, ,,, ,,,,,,,,,,,,,,,,,,, ,,,
 , ,,,,,,,,,,,,,,,,,,,,,,,,, ,,,
 ,,,,,,,,,,,,,,,,,,,,,,,,,,,,,
 ,,,,,,,,,,,,,,,,,,,,,,,,, ,,,,
 2nd week of Apr.,1120,1100,1583.33,633.33,1220,414.29,960,595.83,820,260,475,400,1642.86,1710,,,,725,1000,840,1200,,,600,800,280,1583.33,,
  ,  , ,, , ,,,,,,,,,,,,,,,,,,,,,,,,
 , , ,,,,,,,,,,,, ,,,,, ,, ,,,,,,,,
  , , ,, ,,, ,,,, , ,,,,,,,,, ,,,, ,,,,
  , , ,,,,,,,,,,,,,,,, ,,,,,,,,,,,
  , ,, , ,,, ,,,,,,,,,,,, ,,,,,,,,,,
 ,,,, ,,, ,,,,,,,,,,,,,,,,,,, ,,,
 , ,,,,,,,,,,,,,,,,,,,,,,,,, ,,,
 ,,,,,,,,,,,,,,,,,,,,,,,,,,,,,
 ,,,,,,,,,,,,,,,,,,,,,,,,, ,,,,
 3rd week of Apr.,1033.33,1112.5,1582.14,816.67,1083.33,341.67,1066.67,585.71,792.86,283.33,407.5,430,875,1733.33,,,,750,1100,925,900,,,764.29,1120,270,1600,,400
  ,  , ,,, ,,,,,,,,,,,,,,,,,,,,,,,,
 ,,,,,,,,,,,,,, ,,,,, ,, ,,,,,,,,
 , , ,,,,,,,,, ,,,,,,,,,, ,,,, ,,,,
  , ,,,,,,,,,,,,,,,,,,,,,,,,,,,,
 ,,,,,,,,,,,,,,,,,,, ,,,,,,,,,,
 ,,,,, ,,,,,,,,,,,,,,,,,,,,, ,,,
 3rd week of Apr.,1100,1287.5,1533.33,779.17,1258.33,485,925,710.71,892.86,250,487.5,450,1735.71,1707.14,,,,925,1400,1012.5,980,,,755,1079.17,400,1564.29,,450
  ,  , ,, , ,,,,,,,,,,,,,,,,,,,,,,,,
 , , ,,,,,,,,,,,, ,,,,, ,, ,,,,,,,,
  , , ,, ,,, ,,,, , ,,,,,,,,, ,,,, ,,,,
  , , ,,,,,,,,,,,,,,,, ,,,,,,,,,,,
  , ,, , ,,, ,,,,,,,,,,,, ,,,,,,,,,,
 ,,,, ,,, ,,,,,,,,,,,,,,,,,,, ,,,
 , ,,,,,,,,,,,,,,,,,,,,,,,,, ,,,
 ,,,,,,,,,,,,,,,,,,,,,,,,,,,,,
 ,,,,,,,,,,,,,,,,,,,,,,,,, ,,,,
 4th week of Apr.,1242.26,1064.29,1585.71,821.43,1207.14,439.29,966.67,689.29,891.67,408.33,600,500,1350,1800,,,,842.86,1120,816.67,1300,,,691.67,1016.67,333.33,1485.71,,
  ,  , ,,, ,,,,,,,,,,,,,,,,,,,,,,,,
 ,,,,,,,,,,,,,, ,,,,, ,, ,,,,,,,,
 , , ,,,,,,,,, ,,,,,,,,,, ,,,, ,,,,
  , ,,,,,,,,,,,,,,,,,,,,,,,,,,,,
 ,,,,,,,,,,,,,,,,,,, ,,,,,,,,,,
 ,,,,, ,,,,,,,,,,,,,,,,,,,,, ,,,
 4th week of Apr.,1050,1180,1583.33,695,1075,491.67,1366.67,656.67,966.67,370,475,416.67,1683.33,1825,,,,920,1200,1083.33,1160,,,775,1040,370,1591.67,,500
  ,  , ,, , ,,,,,,,,,,,,,,,,,,,,,,,,
 , , ,,,,,,,,,,,, ,,,,, ,, ,,,,,,,,
  , , ,, ,,, ,,,, , ,,,,,,,, , ,,,, ,,,,
   , , ,,,,,,,,,,,,,,,, ,,,,,,,,,,,
  , ,, , ,,, ,,,,,,,,,,,, ,,,,,,,,,,
 ,,,, ,,, ,,,,,,,,,,,,,,,,,,, ,,,
 , ,,,,,,,,,,,,,,,,,,,,,,,,, ,,,
 ,,,,,,,,,,,,,,,,,,,,,,,,,,,,,
 ,,,,,,,,,,,,,,,,,,,,,,,,, ,,,,
 1st week of Aug.,1628.75,1825,1932.14,1028.57,1700,787.5,1400,1018.75,1150,775,,650,1375,2185.71,,,,1150,1437.5,1270,1425,,,1045,1100,600,1600,,500
  ,  , ,,, ,,,,,,,,,,,,,,,,,,,,,,,,
 ,, ,,,,,,,,,,,,,,,,,,,,,, ,,,,,
 1st  week of Aug.,1360,1533.3333333333333,1912.5,925,1362.5,566.6666666666666,1000,758.3333333333334,987.5,412.5, ,500,1416.6666666666667,2333.3333333333335,,,,700,1433.3333333333333,1133.3333333333333,1375,,,850,1333.33,516.6666666666666,1780,,500
  ,  , ,,, ,,,,,,,,,,,,,,,,,,,,,,,,
 , ,,,,,,,,,,,,, ,,,,, ,, ,,,,,,,,
  , , ,,,,,,,,, ,,,,,,,,,, ,,,, ,,,,
  ,,,,,,,,,,,,,,,,,, ,,,,,,,,,,,
  , ,, ,,,, ,,,,,,,,,,,, ,,,,,,,,,,
 ,,,, , ,,,,,,,,,,,,,,,,,,,,, ,,,
 , ,,,,,,,,,,,,,,,,,,,,,,,,,,,,
 1st  week of July,1200,1250,1707.14,714.29,1328.57,366.67,1025,700,814.29,365,437.5,412.5,1571.43,2185.71,,,,700,1114.29,857.14,1100,,,542.86,835.71,238.33,1528.57,,
  ,  , ,, , ,,,,,,,,,,,,,,,,,,,,,,,,
   , , ,,,,,,,,,,,, ,,,,, ,, ,,,,,,,,
  , , ,, ,,, ,,,, , ,,,,,,,, , ,,, , ,,,,
   , , ,,,,,,,,,,,,,,,, ,,, ,,,,,,,,
  , ,, , ,,, ,,,,,,,,,,,, ,, ,,,,,,,,
 ,,,, ,,, ,,,,,,,,,,,,,,,,,,, ,,,
 , ,,,,,,,,,,,,,,,,,,,,,,,,, ,,,
 ,,,,,,,,,,,,,,,,,,,,,,,,,,,,,
 ,,,,,,,,,,,,,,,,,,,,,,,,, ,,,,
 2nd  week of Aug.,1379.1666666666667,1166.6666666666667,1885.7142857142858,907.1428571428571,1280,482.14285714285717,1083.3333333333333,625,971.4285714285714,470,500,400,1378.5714285714287,2400,,,,887.5,1183.3333333333333,1028.5714285714287,1225,,,864.2857142857143,1175,398,1640,,
  ,  , ,,, ,,,,,,,,,,,,,,,,,,,,,,,,
 , ,,,,,,,,,,,,, ,,,,, ,, ,,,,,,,,
  , , ,,,,,,,,, , ,,,,,,,,, ,,,, ,,,,
  ,,,,,,,,,,,,,,,,,, ,,,,,,,,,,,
  , ,, ,,,, ,,,,,,,,,,,, ,,,,,,,,,,
 ,,,, , ,,,,,,,,,,,,,,,,,,,,, ,,,
 , ,,,,,,,,,,,,,,,,,,,,,,,,,,,,
 2nd  week of July,914.29,1066.67,1435.71,689.29,1175,271.43,950,560.71,767.66,270,475,454.17,1557.14,1921.43,,,,662.5,1010,785.71,1150,,,528.57,764.29,218.57,1528.57,,510
  ,  , ,, , ,,,,,,,,,,,,,,,,,,,,,,,,
   , , ,,,,,,,,,,,, ,,,,, ,, ,,,,,,,,
  , , ,, ,,, ,,,, , ,,,,,,,, , ,,, , ,,,,
   , , ,,,,,,,,,,,,,,,, ,,, ,,,,,,,,
  , ,, , ,,, ,,,,,,,,,,,, ,, ,,,,,,,,
 ,,,, ,,, ,,,,,,,,,,,,,,,,,,, ,,,
 , ,,,,,,,,,,,,,,,,,,,,,,,,, ,,,
 ,,,,,,,,,,,,,,,,,,,,,,,,,,,,,
 ,,,,,,,,,,,,,,,,,,,,,,,,, ,,,,
 3rd week of Aug.,1560,1712.5,2214.29,866.67,1840,719.29,1221.67,850,1150,500,533.33,,1570,2350,,,,900,950,1320,1375,,,842.86,1475,542.86,1628.57,,700
  ,  , ,,, ,,,,,,,,,,,,,,,,,,,,,,,,
 ,, ,,,,,,,,,,,,,,,,,,,,,, ,,,,,
 ,,,,,,,,,,,,,,,,,,, ,, ,,,,,,,,
 3rd  week of Aug.,1220,1450,1990,729.17,1435.71,529.17,1090,503.75,1014.29,450,650,537.5,1457.14,2228.57,,,,790,1240,1075,1375,,,760.71,1050,462.5,1775,,550
  ,  , ,,, ,,,,,,,,,,,,,,,,,,,,,,,,
 , ,,,,,,,,,,,,, ,,,,, ,, ,,,,,,,,
  , , ,,,,,,,,, , ,,,,,,,,, ,,,, ,,,,
  ,,,,,,,,,,,,,,,,,, ,,,,,,,,,,,
  , ,, ,,,, ,,,,,,,,,,,, ,,,,,,,,,,
 ,,,, , ,, ,,,,,,,,,,,,,,,,,,, ,,,
 , ,,,,,,,,,,,,,,,,,,,,,,,,,,,,
 3rd  week of July,995.83,1133.33,1550,725,1316.67,350,1100,640,800,305,460,583.33,1566.67,1933.33,,,,700,1100,950,1216.67,,,550,666.67,265,1733.33,,
  ,  , ,, , ,,,,,,,,,,,,,,,,,,,,,,,,
   , , ,,,,,,,,,,,, ,,,,, ,, ,,,,,,,,
  , , ,, ,,, ,,,, , ,,,,,,,, , ,,, , ,,,,
   , , ,,,,,,,,,,,,,,,, ,,, ,,,,,,,,
  , ,, , ,,, ,,,,,,,,,,,, ,, ,,,,,,,,
 ,,,, ,,, ,,,,,,,,,,,,,,,,,,, ,,,
 , ,,,,,,,,,,,,,,,,,,,,,,,,, ,,,
 ,,,,,,,,,,,,,,,,,,,,,,,,,,,,,
 ,,,,,,,,,,,,,,,,,,,,,,,,, ,,,,
 4th week of Aug.,1750,1900,2433.33,935.71,1650,685.71,1300,1050,1235.71,537.5,616.67,680,1550,2475,,,,1050,1353.13,1140,1357.14,,,858.33,1366.67,450.71,1635.71,,500
  ,  , ,,, ,,,,,,,,,,,,,,,,,,,,,,,,
 ,1750.0,1900.0,935.71,1650.0,685.71,1300.0,1050.0,1235.71,537.5,616.67,680.0,1550.0,2475.0,700.0,,,,1353.13,1140.0,1357.14,1583.33,,,450.71,1635.71,2175.0,500.0,,
 ,,,,,,,,,,,,,, ,,,,, ,, ,,,,,,,,
 4th  week of Aug.,1183.33,1428,1960.67,854.17,1350,478.57,1125,553.57,857.14,442.86,550,485.77,1471.43,2400,,,,910,1375,1100,1166.67,,,657.14,1200,341.67,1400,,
  ,  , ,,, ,,,,,,,,,,,,,,,,,,,,,,,,
 , ,,,,,,,,,,,,, ,,,,, ,, ,,,,,,,,
  , , ,,,,,,,,, , ,,,,,,,,, ,,,, ,,,,
  ,,,,,,,,,,,,,,,,,, ,,,,,,,,,,,
  , ,, ,,,, ,,,,,,,,,,,, ,,,,,,,,,,
 ,,,, , ,, ,,,,,,,,,,,,,,,,,,, ,,,
 , ,,,,,,,,,,,,,,,,,,,,,,,,,,,,
 4th  week of Aug.,1128.57,1028.57,1816.67,775,1185.71,325,900,683.33,885.71,340,433.33,412.5,1671.43,2266.67,,,,750,1040,1007.14,1178.57,,,583.33,853.33,250,1600,,
  ,  , ,, , ,,,,,,,,,,,,,,,,,,,,,,,,
   , , ,,,,,,,,,,,, ,,,,, ,, ,,,,,,,,
  , , ,, ,,, ,,,, , ,,,,,,,, , ,,, , ,,,,
   , , ,,,,,,,,,,,,,,,, ,,, ,,,,,,,,
   , ,, , ,,, ,,,,,,,,,,,, ,, ,,,,,,,,
 ,,,, ,,, ,,,,,,,,,,,,,,,,,,, ,,,
 , ,,,,,,,,,,,,,,,,,,,,,,,,, ,,,
 ,,,,,,,,,,,,,,,,,,,,,,,,,,,,,
 ,,,,,,,,,,,,,,,,,,,,,,,,, ,,,,
2021 4th week of Nov.,750,900,1470,466.67,931.25,235.71,750,468.33,441.67,170,312.5,276.67,964.29,1630,,560,,418.57,600,600,1050,,,485.71,533.33,166,1041.25,,420
 Last Year,0.14000000000000007,-0.06707317073170736,1.2857142857142858,0.41642,0.46484375,-0.009615384615384616,0.32653061224489793,0.09868421052631579,-0.00951111111111105,,0.125,0.27058823529411763,0.04,0.9683908045977011,,,,,0.25172413793103454,0.5466666666666666,,,,0.18064516129032257,,-0.35715,,,
 2019.0,0.15151515151515152,,,0.08288990825688071,0.5072347266881029,0.10358719410277284,,-0.040229885057471264,-0.4211428571428571,-0.3333333333333333,,-0.22857142857142856,-0.09,1.0068437767335028,,-0.044,,-0.24444444444444444,1.0166666666666666,0.12077294685990338,0.09803529411764711,,,0.016666666666666666,0.28570454545454554,-0.14286666666666673,0.24285714285714285,,0.515625
  ,, ,,,,,,,,,,,,,,,,,,,,,,,,,,,
2021 1st week of Dec.,760,637.5,1600,472.14,937.5,257.5,650,417.5,334.29,100,225,270,910,1712.5,,478,,340,605,580,933.33,,,457.5,565.71,128.57,1087.5,,485
 Last Year,0.04999999999999995,0.05882352941176465,0.8709677419354839,0.17642000000000002,0.4920571428571429,-0.1472333333333333,0.5,0.17466363636363624,-0.043159183673469395,-0.5513513513513514,0.4166499999999999,-0.168,-0.04848807339449549,0.9088372093023255,,0.5476071428571428,,0.19896428571428565,-0.19428571428571434,0.2199919999999999,0.5,,,-0.0711265306122448,0.5300000000000001,-0.3170731707317073,1.1789473684210525,,
 2019.0,0.162109375,0.36363636363636365,0.9333333333333333,-0.14937093275488073,0.25332800000000005,0.02332000000000005,,-0.04640556158257143,-0.25579047619047623,0.10666666666666667,,-0.13333333333333333,-0.10897938144329901,1.0727272727272728,,-0.13334000000000004,,-0.2826709401709402,,-0.08901433691756275,0.024390243902439025,,,-0.10050513434676404,-0.15,-0.15151515151515152,0.21052631578947367,,
  ,, ,,,,,,,,,,,,,,,,,,,,,,,,,,,
2021 2nd week of Dec.,743.75,750,1450,392.14,783.33,255.83,600,430.71,390.71,166,283.33,260,864.29,1710,,433.33,,335.71,470,508.33,1050,,,379.29,510,140,1035,,
 Last Year,0.32911392405063283,0.225005,0.8818181818181817,0.680745341614907,1.1226415094339623,-0.09142857142857148,1.121951219512195,0.1672727272727272,0.131063829787234,-0.6190571428571429,,-0.021052631578947427,-0.021739130434782608,0.8534653465346536,,1.4719999999999998,,0.3282153846153847,-0.026310526315789597,0.5063291139240507,0.4726482758620691,,,0.2613636363636363,,-0.26188571428571433,1.2763157894736843,,-0.16417910447761194
 2019.0,0.48936170212765956,0.48485454545454537,1.194447094742868,0.12281225881942884,0.36158161320189525,0.30330005409924743,0.3023874108538273,-0.05309734513274336,-0.12277227722772277,-0.11113333333333325,,-0.1308492443995851,-0.012540732694776286,0.9299048655870745,,0.25609756097560976,,0.0658518518518519,-0.053708165175625704,0.34572759759352245,-0.029390909090909023,,,0.17299449643663287,0.031746031746031744,-0.10404383713671361,0.5087139129585445,,-0.3034825870646766
  ,, ,,,,,,,,,,,,,,,,,,,,,,,,,,,
 ,,,,,,,,,,,,,,,,,,,,,,,,,,,,,
 ,,,,,,,,,,,,,,,,,,,,,,,,,,,,,
 ,,,, ,,,,,,,,,,,,,,,,,,,,,,,,,
2021 3rd week of Dec.,875,816.67,1380,451,750,265,725,428,443,133.33,383.33,310,900,1560,,515,,431.67,616.67,595,1067.67,,,462.5,650,129.17,1081.25,,280
 Last Year,0.19272727272727272,,0.9222266666666668,0.9555428571428572,1.140625,-0.16883636363636367,0.5000000000000001,0.4112,0.2701181818181817,-0.7419354838709677,1.3076923076923077,-0.12821538461538468,-0.042738461538461496,1.0612204081632652,,1.8615384615384618,,0.1960999999999999,0,0.6304347826086958,0.3434782608695653,,,0.016666666666666666,0.43399999999999994,-0.5031578947368421,1.2777777777777777,,0.3333333333333333
 2019.0,0.5185185185185185,,1.1149089735502518,0.3247225806451614,0.6104914702729137,0.0884285714285714,-0.20213190355370445,-0.02,-0.1532545454545455,-0.3023093560315357,0.022727272727272728,-0.05556666666666672,0.00900540540540545,1.186142857142857,,0.32856193884329393,,0.001301369863013683,0.0,0.34408602150537637,-0.10434782608695652,,,0.059027777777777776,-0.08076923076923077,-0.2185430463576159,0.24242424242424243,,0.20320855614973263
  ,, ,,,,,,,,,,,,,,,,,,,,,,,,,,,
 ,,,, ,,,,,,,,,,,,,,,,,,,,,,,,,
 1st  week of Dec,1235.77,1200,1608.33,914.29,1150,400.83,875,550,653.57,292.86,430,400,1271,2014.29,,,,632.24,996.03,914.29,1342.86,,,721.43,1033.33,270,1442.86,,
  ,  , ,,, ,,,,,,,,,,,,,,,,,,,,,,,,
 , , ,,,,,,,,,,,, ,,,,, ,, ,,,,,,,,
  , , ,, ,,, ,,,, , ,,,,,,,,, ,,,, ,,,,
  ,, ,,,,,,,,,,,,,,,, ,,,,,,,,,,,
  , ,, , ,,, ,,,,,,,,,,,, ,,,,,,,,,,
 ,,,, ,,, ,,,,,,,,,,,,,,,,,,, ,,,
 , ,,,,,,,,,,,,,,,,,,,,,,,,,,,,
 ,,,,,,,,,,,,,,,,,,,,,,,,,,,,,
 ,,,,,,,,,,,,,,,,,,,,,,,,, ,,,,
 1st week of  Dec.,970,860,1550,520.83,1008.33,337.5,716.67,518.33,555,341.67,,325,1358.5,1716.67,,,,529.17,693.75,690,1080,,,495,660,206.67,1687.5,,
  ,  , ,,, ,,,,,,,,,,,,,,,,,,,,,,,,
 ,,,,,,,,,,,,,, ,,,,, ,, ,,,,,,,,
 , ,,,,,,,,,, ,,,,,,,,,,,,,,,,,,
 , ,,,,,,,,,,,,,,,,,,,,,,,,,,,,
 Average of 1st week of  Dce.,2680,,2930,1313.33,2463.33,696.67,,1135,,480,,,,3495,1160,,,1180,,1350,,2240,,,,438,,,
  , ,,,,,,,,,,,,,,,,,,,,,,,,,,,,
  , ,,,,,,,,,,,,,,,,,,,,,,,,,,,,
  ,,, ,, , ,,,, ,,,,,,,,,,,,,,,,,,,
 , ,,,,,,,,,,,,,,,,,,,,,,,,,,,,
 ,,,,,,,,,,,,,,,,,,,,,,,,,,,,,
 ,,,,,, ,,,,,,,,,,,,,,,,,,,,,,,
 ,,,,, ,,,,,,,,,,,,,,,,,,,,,,,,
  ,,,,,,,,,,,,,,,,,,,,,,,,,,,,,
 2nd week of  Dec.,1166.67,1075,1420,671.43,1058.33,414.29,895,653.57,653.57,416.67,433.33,400,1442.86,1778.57,,,,670,900,821.43,1233.33,,,664.27,795.83,254.09,1552.14,,600
  ,  , ,,, ,,,,,,,,,,,,,,,,,,,,,,,,
 ,,,,,,,,,,,,,, ,,,,, ,, ,,,,,,,,
 , ,,,,,,,,,, ,,,,,,,,,,,,,,,,,,
 , ,,,,,,,,,,,,,,,,,,,,,,,,,,,,
 2nd  week of Dec,1116.67,1050,1535.71,750,995.83,302.14,970,478.57,621.43,305,450,350,1285.71,1928.57,,,,537.5,835,857.14,1371.43,,,682.14,781.25,217.14,1414.29,, 
  ,  , ,,, ,,,,,,,,,,,,,,,,,,,,,,,,
 , , ,,,,,,,,,,,, ,,,,, ,, ,,,,,,,,
  , , ,, ,,, ,,,, , ,,,,,,,,, ,,,, ,,,,
  ,, ,,,,,,,,,,,,,,,, ,,,,,,,,,,,
  , ,, , ,,, ,,,,,,,,,,,, ,,,,,,,,,,
 ,,,, ,,, ,,,,,,,,,,,,,,,,,,, ,,,
 , ,,,,,,,,,,,,,,,,,,,,,,,,,,,,
 ,,,,,,,,,,,,,,,,,,,,,,,,,,,,,
 ,,,,,,,,,,,,,,,,,,,,,,,,, ,,,,
 3rd week of  Dec.,1250,1185.71,1608.33,783.33,1092.86,416.43,1316.67,685.77,750,362.5,554.17,500,1441.67,2057.14,,,,750,1125,895.86,1260,,,735.77,890,269.29,1658.3,,550
  ,  , ,,, ,,,,,,,,,,,,,,,,,,,,,,,,
 ,,,,,,,,,,,,,, ,,,,, ,, ,,,,,,,,
 , ,,,,,,,,,, ,,,,,,,,,,,,,,,,,,
 , ,,,,,,,,,,,,,,,,,,,,,,,,,,,,
 ,,,,,,,,,,,,,,,,,,,,,,,,,,,,,
 ,,,,,,,,,,,,,,,,,,,,,,,,,,,,,
 3rd  week of Dec,1321.43,1258.33,1625,728.57,1103.57,389.29,1103.33,717.86,887.5,275,575,562.5,1278.57,1785.71,,,,782.14,933.33,1133.33,1446.67,,,725,1080,249.17,1671.43,,
  ,  , ,,, ,,,,,,,,,,,,,,,,,,,,,,,,
 , , ,,,,,,,,,,,, ,,,,, ,, ,,,,,,,,
  , , ,, ,,, ,,,, , ,,,,,,,,, ,,,, ,,,,
  ,, ,,,,,,,,,,,,,,,, ,,,,,,,,,,,
  , ,, , ,,, ,,,,,,,,,,,, ,,,,,,,,,,
 ,,,, ,,, ,,,,,,,,,,,,,,,,,,, ,,,
 , ,,,,,,,,,,,,,,,,,,,,,,,,,,,,
 ,,,,,,,,,,,,,,,,,,,,,,,,,,,,,
 ,,,,,,,,,,,,,,,,,,,,,,,,, ,,,,
 4th week of  Dec.,1360,1500,1792.86,825,1414.29,535.71,1110,721.43,800,420,500,501,1480,2242.86,,,,771.43,1075,890,1542.86,,,735.71,1000,304.29,1572.86,,600
  ,  , ,,, ,,,,,,,,,,,,,,,,,,,,,,,,
 ,,,,,,,,,,,,,, ,,,,, ,, ,,,,,,,,
 , ,,,,,,,,,, ,,,,,,,,,,,,,,,,,,
 , ,,,,,,,,,,,,,,,,,,,,,,,,,,,,
 ,,,,,,,,,,, ,,,,,,,, ,,,,,,,,,,
 ,,,,,,,,,,,,,,,,,,,,,,,,,,,,,
 4th  week of Dec,1340,1225,1725,883.33,1320,383.33,1000,720.83,770.83,329.17,525,450,1391.67,2033.33,,,,775,1120,1066.67,1400,,,731.67,1100,290,1558.33,,
  ,  , ,,, ,,,,,,,,,,,,,,,,,,,,,,,,
 , , ,,,,,,,,,,,, ,,,,, ,, ,,,,,,,,
  , , ,, ,,, ,,,, , ,,,,,,,,, ,,,, ,,,,
  ,, ,,,,,,,,,,,,,,,, ,,,,,,,,,,,
  , ,, , ,,, ,,,,,,,,,,,, ,,,,,,,,,,
 ,,,, ,,, ,,,,,,,,,,,,,,,,,,, ,,,
 , ,,,,,,,,,,,,,,,,,,,,,,,,, ,,,
 ,,,,,,,,,,,,,,,,,,,,,,,,,,,,,
 ,,,,,,,,,,,,,,,,,,,,,,,,, ,,,,
2022 1st  week of Feb.,750,737.5,1075,466.43,762.5,237.5,700,511,458.33,200,357.5,341.67,939.29,1185,,561,,447.58,608.33,730,1016.67,,,487.5,558.33,130.71,1083.33,,
 Last Year,0.27147216494845366,,0.49539726027397274,0.2081557299161079,0.34329160174090584,0.4976883505893079,,0.01685488305206609,0.22812195121951212,0.09088429808413455,0.18518518518518517,0.026119402985074626,0.196425,0.2728924377852794,,0.3953488372093023,,0.23882812499999995,-0.1951180249659755,0.1937365417180608,0.022723553732531928,,,0.04854368932038835,,0.367513443352494,0.5775648269081198,,
 2020.0,0.401509090909091,,0.6272894409937889,0.63003663003663,0.6592920353982301,0.1596833560227902,,-0.07754436450839332,-0.05440375586854465,0.2549019607843137,0.3651877133105802,-0.03508771929824561,-0.08843809523809525,0.4613671185960576,,0.5,,-0.08222560916790472,-0.05821917808219178,0.02882882882882883,0.171875,,,-0.08302578848461524,,0.04424778761061947,0.5789550989233728,,-0.3403693931398417
  ,, ,,,,,,,,,,,,,,,,,,,,,,,,,,,
2022 2nd  week of Feb.,770.83,700,1091.64,445,750,230,,480.83,503.53,160,400,275,957.14,1135,,600,,475.71,550,571,937.5,,,405,,147.5,1075,,250
 Last Year,0.7878727272727274,,0.5509305555555557,0.5600835662153729,0.9471940686989786,0.791191402386761,,0.23467393871722753,0.49038461538461536,0.3,0.28416393442622956,0.018518518518518517,0.2866043613707165,0.5294117647058824,,0.6923076923076923,,0.6545726628455261,0.2580198767140522,0.4858350392920821,-0.025,,,0.34527941453439875,0.6025984606479,1.0456986301369862,0.6014211374382545,,0
 2020.0,0.8042752293577983,,0.6625277293909213,0.8253968253968254,0.7075026369028062,0.35835000000000006,,0.19082135608665035,0.06765855590570158,0.3684210526315789,0.37428070175438605,-0.16981132075471697,0.039925064963841815,0.5116279069767442,,0.5529411764705883,,0.13346228239845262,0.4358974358974359,0.2656329102056887,0.08333333333333333,,,0.19402985074626866,,0.2503851564069931,0.7146533925389598,,0.0
  ,, ,,,,,,,,,,,,,,,,,,,,,,,,,,,
 ,,,,,,,,,,,,,,,,,,,,,,,,,,,,,
 ,,,,,,,,,,,,,,,,,,,,,,,,,,,,,
 ,,,,,,,,,,,,,,,,,,,,,,,,,,,,,
 ,,,,,,,,,,,,,,,,,,,,,,,,,,,,,
 ,,,,,,,,,,,,,,,,,,,,,,,,,,,,,
 1st week of Feb.,1135.71,1325,1753.57,632.14,1245.83,309.29,933.33,739.29,711.43,218.75,433.33,466.67,1357.14,2085.71,,,,585.71,1100,920,1242.84,,,640,971.43,228,1500,,
  ,  , ,,, ,,,,,,,,,,,,,,,,,,,,,,,,
 , , ,,,,,,,,,,,, ,,,,, ,, ,,,,,,,,
  , , ,, ,,, ,,,, , ,,,,,,,,, ,,,, ,,,,
  , , ,,,,,,,,,,,,,,,, ,,,,,,,,,,,
  , ,, , ,,, ,,,,,,,,,,,, ,,,,,,,,,,
 ,,,, ,,, ,,,,,,,,,,,,,,,,,,, ,,,
 , ,,,,,,,,,,,,,,,,,,,,,,,,, ,,,
 ,,,,,,,,,,,,,,,,,,,,,,,,,,,,,
 ,,,,,,,,,,,,,,,,,,,,,,,,, ,,,,
 1st week of Feb.,1250,1800,1466.67,637.5,1216.67,422.5,1020,729.12,925,308.33,533.33,525,1545.83,1700,,,,937.5,1333.33,1020,1466.67,,,783.33,1260,325.83,1750,,
  ,  , ,,, ,,,,,,,,,,,,,,,,,,,,,,,,
 ,,,,,,,,,,,,,, ,,,,, ,, ,,,,,,,,
 , ,,,,,,,,,, ,,,,,,,,,, ,,,,,,,,
 , ,,,,,,,,,,,,,,,,,,,,,,,,,,,,
 ,,,,,,,,,,,,,,,,,,, ,,,,,,,,,,
 ,,,,,,,,,,,,,,,,,,,,,,,,,,,,,
 2nd week of Feb.,1200,1183.33,1557.14,721.43,1178.57,416.43,957.14,729.17,807.14,371.43,530,485.71,1557.14,1871.43,,,,850,1116.67,971.43,1185.71,,,721.43,1000,329,1600,,400
  ,  , ,,, ,,,,,,,,,,,,,,,,,,,,,,,,
 ,,,,,,,,,,,,,, ,,,,, ,, ,,,,,,,,
 , ,,,,,,,,,, ,,,,,,,,,, ,,,,,,,,
 , ,,,,,,,,,,,,,,,,,,,,,,,,,,,,
 ,,,,,,,,,,,,,,,,,,, ,,,,,,,,,,
 ,,,,,,,,,,,,,,,,,,,,,,,,,,,,,
 2nd week of Feb.,1057.14,1041.67,1671.43,585.71,1166.67,372.5,941.67,692.86,720.83,310,500,420,1485.71,1921.43,,,,614.29,920,835.71,1200,,,628.57,928.57,282.86,1542.86,,
  ,  , ,, , ,,,,,,,,,,,,,,,,,,,,,,,,
 , , ,,,,,,,,,,,, ,,,,, ,, ,,,,,,,,
  , , ,, ,,, ,,,, , ,,,,,,,,, ,,,, ,,,,
  , , ,,,,,,,,,,,,,,,, ,,,,,,,,,,,
  , ,, , ,,, ,,,,,,,,,,,, ,,,,,,,,,,
 ,,,, ,,, ,,,,,,,,,,,,,,,,,,, ,,,
 , ,,,,,,,,,,,,,,,,,,,,,,,,, ,,,
 ,,,,,,,,,,,,,,,,,,,,,,,,,,,,,
 ,,,,,,,,,,,,,,,,,,,,,,,,, ,,,,
2022 2nd  week of Feb.,770.83,700,1091.64,445,750,230,,480.83,503.53,160,400,275,957.14,1135,,600,,475.71,550,571,937.5,,,405,,147.5,1075,,250
 Last Year,0.7878727272727274,,0.5509305555555557,0.5600835662153729,0.9471940686989786,0.791191402386761,,0.23467393871722753,0.49038461538461536,0.3,0.28416393442622956,0.018518518518518517,0.2866043613707165,0.5294117647058824,,0.6923076923076923,,0.6545726628455261,0.2580198767140522,0.4858350392920821,-0.025,,,0.34527941453439875,0.6025984606479,1.0456986301369862,0.6014211374382545,,0
 2020.0,0.8042752293577983,,0.6625277293909213,0.8253968253968254,0.7075026369028062,0.35835000000000006,,0.19082135608665035,0.06765855590570158,0.3684210526315789,0.37428070175438605,-0.16981132075471697,0.039925064963841815,0.5116279069767442,,0.5529411764705883,,0.13346228239845262,0.4358974358974359,0.2656329102056887,0.08333333333333333,,,0.19402985074626866,,0.2503851564069931,0.7146533925389598,,0.0
  ,, ,,,,,,,,,,,,,,,,,,,,,,,,,,,
 ,,,,,,,,,,,,,,,,,,,,,,,,,,,,,
 ,,,,,,,,,,,,,,,,,,,,,,,,,,,,,
 ,,,,,,,,,,,,,,,,,,,,,,,,,,,,,
 ,,,,,,,,,,,,,,,,,,,,,,,,,,,,,
 ,,,,,,,,,,,,,,,,,,,,,,,,,,,,,
 3rd week of Feb.,1010.71,971.43,1435.71,582.14,1028.57,347.86,900,561.43,664.29,417.86,400,390,1521.43,1600,,,,680,1000,850,1114.29,,,657.14,917.86,248.57,1400,,500
  ,  , ,,, ,,,,,,,,,,,,,,,,,,,,,,,,
 ,,,,,,,,,,,,,, ,,,,, ,, ,,,,,,,,
 , ,,,,,,,,,, ,,,,,,,,,, ,,,,,,,,
 , ,,,,,,,,,,,,,,,,,,,,,,,,,,,,
 ,,,,,,,,,,,,,,,,,,, ,,,,,,,,,,
 ,,,,,,,,,,,,,,,,,,,,,,,,,,,,,
 3rd week of Feb.,1214.29,1166.67,1778.57,639.29,1321.43,367.86,900,728.57,839.29,339.29,590,450,1485.71,1964.29,,,,765,1120,1025,1428.57,,,733.33,1000,260,1628.57,,350
  ,  , ,, , ,,,,,,,,,,,,,,,,,,,,,,,,
 , , ,,,,,,,,,,,, ,,,,, ,, ,,,,,,,,
  , , ,, ,,, ,,,, , ,,,,,,,,, ,,,, ,,,,
  , , ,,,,,,,,,,,,,,,, ,,,,,,,,,,,
  , ,, , ,,, ,,,,,,,,,,,, ,,,,,,,,,,
 ,,,, ,,, ,,,,,,,,,,,,,,,,,,, ,,,
 , ,,,,,,,,,,,,,,,,,,,,,,,,, ,,,
 ,,,,,,,,,,,,,,,,,,,,,,,,,,,,,
 ,,,,,,,,,,,,,,,,,,,,,,,,, ,,,,
2022 3rd  week of Feb.,983.33,925,1116.67,575,987.5,271.67,,575,620,195,391.67,275,1032.5,1300,,660,,586,700,675,975,,,500,747.5,186.67,1212.5,,350
 Last Year,0.5151454545454546,,0.6404465597907427,0.827594360535572,1.173913043478261,0.6,0.6,0.3597085201793721,0.526829268292683,0.42857142857142855,0.21365015511539912,0.6229774258594403,0.2557077625570776,0.7519576694579942,,,,0.5130566352750894,0.26666000000000006,0.3326226012793177,0.024930747922437674,,,0.42857142857142855,0.44181152235060805,0.5940000000000001,0.7509025270758123,,
 2020.0,0.3751320132013202,,0.8514623976625987,1.0084778795556422,0.7322834645669292,-0.033962264150943396,0.23076923076923078,0.14151529411764696,0.13818181818181818,0.3333333333333333,0.06801068010680111,-0.017857142857142856,0.060240963855421686,0.7148323699421965,,0.36362682778442107,,0.04035874439461883,-0.06173333333333327,0.041666666666666664,0.15625,,,0.06762325710503281,,-0.24552837427133675,0.6348241131500534,,
  ,, ,,,,,,,,,,,,,,,,,,,,,,,,,,,
 ,,,,,,,,,,,,,,,,,,,,,,,,,,,,,
 ,,,,,,,,,,,,,,,,,,,,,,,,,,,,,
 4th week of Feb.,916.67,1025,1178.57,597.86,1058.33,316,,721.43,745.83,308.33,500,478.57,1342.86,1333.33,,,,667.5,970,806,1100,,,678.57,810,257.14,1375,,500
  ,  , ,,, ,,,,,,,,,,,,,,,,,,,,,,,,
 ,,,,,,,,,,,,,, ,,,,, ,, ,,,,,,,,
 , , ,,,,,,,,, ,,,,,,,,,, ,,,,,,,,
 , ,,,,,,,,,,,,,,,,,,,,,,,,,,,,
 ,,,,,,,,,,,,,,,,,,, ,,,,,,,,,,
 ,,,,,,,,,,,,,,,,,,,,,,,,,,,,,
 Average of 4th  week of  February,2220,,2583,1206.67,2196.67,580,,950,,,,,,3183.33,880,,,990,,1120,,2083,,,,370,,,
 ,,,,,,,,,,,,,,,,,,,,,,,,,,,,,
 , ,,,,,,,,,,,,,,,,,,,,,,,,,,,,
  ,,,,,,,,,,,,,,,,,,,,,,,,,,,,,
 , ,,,, ,,,,,,,,,,,,,,,,,,,,,,,,
 ,,,,,,,,,,,,,,,,,,,,,,,,,,,,,
 ,,,,,,,,,,,,,,,,,,,,,,,,,,,,,
 ,,,,,,,,,,,,,,,,,,,,,,,,,,,,,
 ,,,,,,,,,,,,,,,,,,,,,,,,,,,,,
2021 4th week of Dec.,820,,1441.67,513.33,856.25,228.57,500,441,465.71,100,225,283.33,933.33,1683.33,,620,,438.57,600,625,1030,,,457.5,597.5,118,1025,,450
 Last Year,0.7147727272727273,,0.7719298245614035,0.5,,0.5238095238095238,,0.12955084745762724,0.4136272727272728,,,,0.12184705882352947,0.5507776761207684,,0.41025641025641024,,0.2321931034482759,,0.21835443037974678,0.1111111111111111,,,0.8115384615384615,0.19623655913978494,0.42310769230769224,0.6428571428571429,,
 2020.0,0.7752836748019131,,0.8803151482656422,0.3941735165122425,0.6069245283018867,0.2,,-0.012688888888888843,0.11950323974082082,,,,-0.055871287128712824,0.7225609756097561,,0.375,,0.16776470588235298,,0.13737411336517982,-0.09090909090909091,,,0.4130141301413015,-0.03260869565217391,-0.05608277719953483,0.540171695662073,,
  ,, ,,,,,,,,,,,,,,,,,,,,,,,,,,,
 ,, ,,,,,,,,,,,,,,,,,,,,,,,,,,,
2021 1st  week of jan.,1006,775,1262.5,480,851.67,240,,444.29,518.33,,,350,953.57,1412.5,,550,,446.67,483.33,550,1000,,,471,556.25,154.17,1150,,
 Last Year,0.4013750000000001,,0.6388349514563106,,,0.2638888888888889,0.061946902654867256,0.10714285714285714,0.4920863309352518,,,,0.21156962025316453,0.6536312849162011,,0.5433698630136987,,0.2857142857142857,0.252,0.3,0.18729999999999994,,,0.4166666666666667,0.25555555555555554,0.19158878504672897,0.6538461538461539,,
 2020.0,0.28459375,,0.9447004608294931,0.6743823529411763,0.7022222222222222,-0.07142857142857142,0.0,0.010869565217391304,-0.057272727272727274,0.6579861111111112,0.0,0.2840909090909091,-0.07373249591127708,0.8181818181818182,,0.2802954545454546,,0.05,0.47294117647058825,0.17587939698492464,0.057990099009900924,,,0.2585944943733423,-0.1171875,-0.3013698630136986,0.4144736842105263,,
  ,, ,,,,,,,,,,,,,,,,,,,,,,,,,,,
2021 2nd  week of jan.,822.14,819,1266,569.29,766,227.5,600,465,518.5,238.75,400,282.5,957.14,1480,,563.33,,472.5,626,585,1068.57,,,488.75,565,127.5,1075,,
 Last Year,0.34375,,0.4407630522088353,,,-0.015857142857142917,,-0.009586206896551762,0.3375852272727272,,,,0.2345634920634921,0.3442786069651741,,0.6436896551724138,,0.23384615384615384,-0.08014376996805106,0.2897727272727273,-0.011904761904761904,,,0.2903225806451613,0.21167524115755637,0.23737373737373738,0.5462962962962963,,
 2020.0,0.204,,0.5452338956477167,0.19863013698630136,0.3770491803278688,0.059846153846153785,0.16666666666666666,-0.035462421922224534,-0.16814487632508837,-1.0,-1.0,-0.059449291343690154,0.012914708659366518,0.37041420118343193,,0.176962962962963,,-0.16458333333333333,0.05656880733944961,0.11274509803921569,0.0375,,,-0.03421300432189684,-0.0997826086956521,-0.17785234899328858,0.35929726773109677,,-0.2222222222222222
  ,, ,,,,,,,,,,,,,,,,,,,,,,,,,,,
2024 1st week of Jan.,1328.57,1225,1933.33,950,1405,460.71,1000,716.67,891.67,365,625,475,1500,2383.33,,,,767.86,1140,1020,1316.67,,,808.33,1180,312.5,1478.57,,400
  ,  , ,,, ,,,,,,,,,,,,,,,,,,,,,,,,
 , , ,,,,,,,,,,,, ,,,,, ,, ,,,,,,,,
  , , ,, ,,, ,,,, , ,,,,,,,,, ,,,, ,,,,
  ,, ,,,,,,,,,,,,,,,, ,,,,,,,,,,,
  , ,, , ,,, ,,,,,,,,,,,, ,,,,,,,,,,
 ,,,, ,,, ,,,,,,,,,,,,,,,,,,, ,,,
 , ,,,,,,,,,,,,,,,,,,,,,,,,, ,,,
 ,,,,,,,,,,,,,,,,,,,,,,,,,,,,,
 ,,,,,,,,,,,,,,,,,,,,,,,,, ,,,,
2023 1st week of  Jan.,1250,1300,1533.33,712.5,1100,403,875,643.33,650,300,562.5,353.75,1590,2033.33,,,,605,775,804.17,1250,,,690,700,235,1450,,
  ,  , ,,, ,,,,,,,,,,,,,,,,,,,,,,,,
 ,,,,,,,,,,,,,, ,,,,, ,, ,,,,,,,,
 , ,,,,,,,,,, ,,,,,,,,,,,,,,,,,,
 , ,,,,,,,,,,,,,,,,,,,,,,,,,,,,
 ,,,,,,,,,,,,,,,,,,, ,,,,,,,,,,
 ,,,,,,,,,,,,,,,,,,,,,,,,,,,,,
 2nd week of  Jan.,1400,1300,1628.57,771.43,1325,460.71,1000,800,837.5,380,533.33,478.57,1510.71,2071.43,,,,796.43,1125,821.43,1430,,,821.43,1033.33,312.86,1414.29,,
  ,  , ,,, ,,,,,,,,,,,,,,,,,,,,,,,,
 ,,,,,,,,,,,,,, ,,,,, ,, ,,,,,,,,
 , ,,,,,,,,,, ,,,,,,,,,,,,,,,,,,
 , ,,,,,,,,,,,,,,,,,,,,,,,,,,,,
 ,,,,,,,,,,,,,,,,,,, ,,,,,,,,,,
 ,,,,,,,,,,,,,,,,,,,,,,,,,,,,,
2024 2nd week of Jan.,1157.14,1214.29,1842.86,600,1291.67,378.57,914.29,641.67,753.57,292.86,537.5,450,1364.29,2128.57,,,,650,957.14,950,1480,,,621.43,1033.33,242.5,1500,,
  ,  , ,,, ,,,,,,,,,,,,,,,,,,,,,,,,
 , , ,,,,,,,,,,,, ,,,,, ,, ,,,,,,,,
  , , ,, ,,, ,,,, , ,,,,,,,,, ,,,, ,,,,
  , , ,,,,,,,,,,,,,,,, ,,,,,,,,,,,
  , ,, , ,,, ,,,,,,,,,,,, ,,,,,,,,,,
 ,,,, ,,, ,,,,,,,,,,,,,,,,,,, ,,,
 , ,,,,,,,,,,,,,,,,,,,,,,,,, ,,,
 ,,,,,,,,,,,,,,,,,,,,,,,,,,,,,
 ,,,,,,,,,,,,,,,,,,,,,,,,, ,,,,
 3rd week of  Jan.,1071.43,1064.29,1528.57,632.14,1033.33,383.33,1007.14,735.71,757.14,380,412.5,480,1471.43,1771.43,,,,735.71,910,835.71,1320,,,735.71,983.33,250,1414.29,,400
  ,  , ,,, ,,,,,,,,,,,,,,,,,,,,,,,,
 ,,,,,,,,,,,,,, ,,,,, ,, ,,,,,,,,
 , ,,,,,,,,,, ,,,,,,,,,,,,,,,,,,
 , ,,,,,,,,,,,,,,,,,,,,,,,,,,,,
 ,,,,,,,,,,,,,,,,,,, ,,,,,,,,,,
 ,,,,,,,,,,,,,,,,,,,,,,,,,,,,,
 3rd week of Jan.,1035.71,1107.14,1585.71,595,1064.29,362.5,980,575,757.14,266.67,600,350,1407.14,1892.86,,,,633.33,935.71,989.29,1266.67,,,689.29,992.86,255,1542.86,,
  ,  , ,,, ,,,,,,,,,,,,,,,,,,,,,,,,
 , , ,,,,,,,,,,,, ,,,,, ,, ,,,,,,,,
  , , ,, ,,, ,,,, , ,,,,,,,,, ,,,, ,,,,
  , , ,,,,,,,,,,,,,,,, ,,,,,,,,,,,
  , ,, , ,,, ,,,,,,,,,,,, ,,,,,,,,,,
 ,,,, ,,, ,,,,,,,,,,,,,,,,,,, ,,,
 , ,,,,,,,,,,,,,,,,,,,,,,,,, ,,,
 ,,,,,,,,,,,,,,,,,,,,,,,,,,,,,
 ,,,,,,,,,,,,,,,,,,,,,,,,, ,,,,
 4th week of  Jan.,1183.33,1314.29,1492.86,621.43,1214.29,392.86,1040,804.17,878.57,342.86,475,464.29,1435.71,1721.43,,,,960,1066.62,964.29,1442.86,,,715,1116.62,305,1454.14,,450
  ,  , ,,, ,,,,,,,,,,,,,,,,,,,,,,,,
 ,,,,,,,,,,,,,, ,,,,, ,, ,,,,,,,,
 , ,,,,,,,,,, ,,,,,,,,,, ,,,,,,,,
 , ,,,,,,,,,,,,,,,,,,,,,,,,,,,,
 ,,,,,,,,,,,,,,,,,,, ,,,,,,,,,,
 ,,,,,,,,,,,,,,,,,,,,,,,,,,,,,
 4th week of Jan.,1060,975,1766.67,590,1058.33,271.67,860,566.67,570.83,225,500,416.67,1475,2158.33,,,,608.33,840,708.33,1233.33,,,541.67,808.33,215,1350,,450
  ,  , ,,, ,,,,,,,,,,,,,,,,,,,,,,,,
 , , ,,,,,,,,,,,, ,,,,, ,, ,,,,,,,,
  , , ,, ,,, ,,,, , ,,,,,,,,, ,,,, ,,,,
  , , ,,,,,,,,,,,,,,,, ,,,,,,,,,,,
  , ,, , ,,, ,,,,,,,,,,,, ,,,,,,,,,,
 ,,,, ,,, ,,,,,,,,,,,,,,,,,,, ,,,
 , ,,,,,,,,,,,,,,,,,,,,,,,,, ,,,
 ,,,,,,,,,,,,,,,,,,,,,,,,,,,,,
 ,,,,,,,,,,,,,,,,,,,,,,,,, ,,,,
 1st week of July,1380,1475,1592.86,900,1366.67,700,,932.14,1114.29,637.5,725,666.67,1220,1864.29,,,,1050,1221.43,1066.67,1337.5,,,987.5,1220,475.83,1366.67,,
  ,  , ,,,,,,,,,,,,,,,,,,,,,,,,,,,
 ,, ,,,,,,,,,,,,,,,,,,,,,, ,,,,,
 ,,,,,,,,,,,,,,,,,,,,,,,,,,,,,
 ,,,,,,,,,,,,,,,,,,,,,,,,,,,,,
 ,,,,,,,,,,,,,,,,,,,,,,,,,,,,,
 1st  week of July,1350,1583.33,2091.67,1100,1750,579.17,1300,966.67,1200,400,625,754.17,1354.17,2316.67,,,,1225,1587.5,1350,1420,,,1040,1440,485,1483.33,,
  ,  , ,,, ,,,,,,,,,,,,,,,,,,,,,,,,
 ,,,,,,,,,,,,,, ,,,,, ,, ,,,,,,,,
 , , ,,,,,,,,, ,,,,,,,,,, ,,,, ,,,,
  ,,,,,,,,,,,,,,,,,, ,,,,,,,,,,,
  ,,, ,,,,,,,,,,,,,,,, ,,,,,,,,,,
 ,,,, , ,,,,,,,,,,,,,,,,,,,,, ,,,
 , ,,,,,,,,,,,,,,,,,,,,,,,,,,,,
 1st  week of July,1260,1425,1842.86,560.71,1012.5,267.5,1100,641.67,907.14,230,600,462.5,1478.57,2321.43,,,,840,1150,807.14,1230,,,500,1150,196.25,1650,,
  ,  , ,, , ,,,,,,,,,,,,,,,,,,,,,,,,
  , , ,,,,,,,,,,,, ,,,,, ,, ,,,,,,,,
  , , ,, ,,, ,,,, , ,,,,,,,, , ,,,, ,,,,
   , , ,,,,,,,,,,,,,,,, ,,, ,,,,,,,,
  , ,, , ,,, ,,,,,,,,,,,, ,, ,,,,,,,,
 ,,,, ,,, ,,,,,,,,,,,,,,,,,,, ,,,
 , ,,,,,,,,,,,,,,,,,,,,,,,,, ,,,
 ,,,,,,,,,,,,,,,,,,,,,,,,,,,,,
 ,,,,,,,,,,,,,,,,,,,,,,,,, ,,,,
 2nd week of July,1390,1500,1700,841.67,1333.33,641.67,900,830,1100,508.33,,700,1225,1925,,,,950,1166.67,1085,1325,,,770,1200,445,1241.67,,
  ,  , ,,, ,,,,,,,,,,,,,,,,,,,,,,,,
 ,, ,,,,,,,,,,,,,,,,,,,,,, ,,,,,
 , ,,,,,,,,,,,,,,,,,,,,,,,,,,,,
 ,,,,,,,,,,,,,,,,,,,,,,,,,,,,,
 ,,,,,,,,,,,,,,,,,,,,,,,,,,,,,
 ,,,,,,,,,,,,,,,,,,,,,,,,,,,,,
 ,,,,,,,,,,,,,,,,,,,,,,,,,,,,,
 ,,,,,,,,,,,,,,,,,,,,,,,,,,,,,
 2nd  week of July,1380,1458.33,2285.71,1032.14,1533.33,550,1200,917.86,1271.43,380,512.5,783.33,1408.33,2585.71,,,,1175,1300,1273.33,1592.86,,,975,1160,410,1375,,
  ,  , ,,, ,,,,,,,,,,,,,,,,,,,,,,,,
 ,,,,,,,,,,,,,, ,,,,, ,, ,,,,,,,,
  , , ,,,,,,,,, ,,,,,,,,,, ,,,, ,,,,
  ,,,,,,,,,,,,,,,,,, ,,,,,,,,,,,
  ,,, ,,,,,,,,,,,,,,,, ,,,,,,,,,,
 ,,,, , ,,,,,,,,,,,,,,,,,,,,, ,,,
 , ,,,,,,,,,,,,,,,,,,,,,,,,,,,,
 2nd  week of July,1175,1225,1782.14,707.14,1216.67,277.5,1010,791.67,1017.86,300,533.33,470,1539.29,2135.71,,,,975,1300,953.57,1478.57,,,682.14,1090,234,1658.33,,550
  ,  , ,, , ,,,,,,,,,,,,,,,,,,,,,,,,
  , , ,,,,,,,,,,,, ,,,,, ,, ,,,,,,,,
  , , ,, ,,, ,,,, , ,,,,,,,, , ,,,, ,,,,
   , , ,,,,,,,,,,,,,,,, ,,, ,,,,,,,,
  , ,, , ,,, ,,,,,,,,,,,, ,, ,,,,,,,,
 ,,,, ,,, ,,,,,,,,,,,,,,,,,,, ,,,
 , ,,,,,,,,,,,,,,,,,,,,,,,,, ,,,
 ,,,,,,,,,,,,,,,,,,,,,,,,,,,,,
 ,,,,,,,,,,,,,,,,,,,,,,,,, ,,,,
 3rd  week of July,1260,1450,1733.33,745.83,1425,244.17,1100,683.33,916.67,300,575,383.33,1608.33,2191.67,,,,775,1200,1083.33,1400,,,716.67,950,212.5,1650,,516.67
  ,  , ,, , ,,,,,,,,,,,,,,,,,,,,,,,,
   , , ,,,,,,,,,,,, ,,,,, ,, ,,,,,,,,
  , , ,, ,,, ,,,, , ,,,,,,,, , ,,, , ,,,,
   , , ,,,,,,,,,,,,,,,, ,,, ,,,,,,,,
  , ,, , ,,, ,,,,,,,,,,,, ,, ,,,,,,,,
 ,,,, ,,, ,,,,,,,,,,,,,,,,,,, ,,,
 , ,,,,,,,,,,,,,,,,,,,,,,,,, ,,,
 ,,,,,,,,,,,,,,,,,,,,,,,,,,,,,
 ,,,,,,,,,,,,,,,,,,,,,,,,, ,,,,
 3rd week of July,1460,1800,1691.67,991.67,1560,728.57,800,953.57,1150,590,850,800,1250,2107.14,,,,980,1330,1083.33,1350,,,746.43,1125,497.8,1514.29,,450
  ,  , ,,, ,,,,,,,,,,,,,,,,,,,,,,,,
 ,, ,,,,,,,,,,,,,,,,,,,,,, ,,,,,
 , ,,,,,,,,,,,,,,,,,,,,,,,,,,,,
 ,,,,,,,,,,,,,,,,,,,,,,,,,,,,,
 ,,,,,,,,,,,,,,,,,,,,,,,,,,,,,
 ,,,,,,,,,,,,,,,,,,,,,,,,,,,,,
 ,,,,,,,,,,,,,,,,,,,,,,,,,,,,,
 ,,,,,,,,,,,,,,,,,,,,,,,,,,,,,
 3rd  week of July,1308.3333333333333,1391.6666666666667,2092.8571428571427,864.2857142857143,1550,535.7142857142857,1250,870,1058.3333333333333,375,550,600,1475,2528.5714285714284,,,,968.75,1337.5,1083.3333333333333,1200,,,864.2857142857143,1437.5,400,1560,,
  ,  , ,,, ,,,,,,,,,,,,,,,,,,,,,,,,
 ,,,,,,,,,,,,,, ,,,,, ,, ,,,,,,,,
  , , ,,,,,,,,, ,,,,,,,,,, ,,,, ,,,,
  ,,,,,,,,,,,,,,,,,, ,,,,,,,,,,,
  , ,, ,,,, ,,,,,,,,,,,, ,,,,,,,,,,
 ,,,, , ,,,,,,,,,,,,,,,,,,,,, ,,,
 , ,,,,,,,,,,,,,,,,,,,,,,,,,,,,
 4th week of July,1442.86,1650,1870,1008.57,1600,663.33,,825,1078.57,590,625,675,1328.57,2062.5,,,,950,1216.67,966.67,1217.5,,,815,1170.83,440,1375,,500
  ,  , ,,, ,,,,,,,,,,,,,,,,,,,,,,,,
 ,, ,,,,,,,,,,,,,,,,,,,,,, ,,,,,
 ,,,,,,,,,,,,,,,,,,,,,,,,,,,,,
 ,,,,,,,,,,,,,,,,,,,,,,,,,,,,,
 ,,,,,,,,,,,,,,,,,,,,,,,,,,,,,
 ,,,,,,,,,,,,,,,,,,,,,,,,,,,,,
 ,,,,,,,,,,,,,,,,,,,,,,,,,,,,,
 ,,,,,,,,,,,,,,,,,,,,,,,,,,,,,
 4th  week of July,1390,1450,1814.29,935.71,1457.14,557.14,1400,725,1164.29,440,675,480,1400,2475,,,,1120,1470,1335.71,1416.67,,,935.71,1220,433.33,1720,,
  ,  , ,,, ,,,,,,,,,,,,,,,,,,,,,,,,
 , ,,,,,,,,,,,,, ,,,,, ,, ,,,,,,,,
  , , ,,,,,,,,, ,,,,,,,,,, ,,,, ,,,,
  ,,,,,,,,,,,,,,,,,, ,,,,,,,,,,,
  , ,, ,,,, ,,,,,,,,,,,, ,,,,,,,,,,
 ,,,, , ,,,,,,,,,,,,,,,,,,,,, ,,,
 , ,,,,,,,,,,,,,,,,,,,,,,,,,,,,
 4th  week of July,1173.41,1441.67,1728.57,842.86,1416.67,417.86,1000,775,1000,341.67,381.25,444,1428.57,2278.57,,,,910,1380,921.43,1303.57,,,639.29,978.57,262.5,1600,,516.67
  ,  , ,, , ,,,,,,,,,,,,,,,,,,,,,,,,
   , , ,,,,,,,,,,,, ,,,,, ,, ,,,,,,,,
  , , ,, ,,, ,,,, , ,,,,,,,, , ,,, , ,,,,
   , , ,,,,,,,,,,,,,,,, ,,, ,,,,,,,,
  , ,, , ,,, ,,,,,,,,,,,, ,, ,,,,,,,,
 ,,,, ,,, ,,,,,,,,,,,,,,,,,,, ,,,
 , ,,,,,,,,,,,,,,,,,,,,,,,,, ,,,
 ,,,,,,,,,,,,,,,,,,,,,,,,,,,,,
 ,,,,,,,,,,,,,,,,,,,,,,,,, ,,,,
 1st week of June,1470,1750,1739.29,1021.43,1555,658.57,1275,991.67,1164.29,400,650,705,1075,1907.14,,860,,1091.67,1400,1025,1310,,,905,975,418.75,1516.67,,600
  ,  , ,,,,,,,,,,,,,,,,,,,,,,,,,,,
 ,,,,,,,,,,,,,,,,,,,,,,,, ,,,,,
 ,,,,,,,,,,,,,,,,,,,,,,,,,,,,,
 ,,,,,,,,,,,,,,,,,,,,,,,,,,,,,
 ,,,,,,,,,,,,,,,,,,,,,,,,,,,,,
 1st week of June,1380,1437.5,2000,1131.25,1420,606.67,1015,1062.5,1260,283.33,580,630,1333.33,2433.33,,,,1191.62,1412.5,1200,1530,,,981.25,1312.5,479.17,1608.33,,650
  ,  , ,,, ,,,,,,,,,,,,,,,,,,,,,,,,
 ,,,,,,,,,,,,,, ,,,,, ,, ,,,,,,,,
 , , ,,,,,,,,, ,,,,,,,,,, ,,,, ,,,,
  , ,,,,,,,,,,,,,,,,, ,,,,,,,,,,,
 ,,,,,,,,,,,,,,,,,,, ,,,,,,,,,,
 ,,,, , ,,,,,,,,,,,,,,,,,,,,, ,,,
 1st  week of June,1437.5,1520,2083.33,1157.14,1620,571.43,1033.33,950,1264.29,366.67,875,600,1471.43,2533.33,,,,1137.5,1533.33,1258.33,1616.67,,,1030,1333.33,412.5,1716.67,,700
  ,  , ,, , ,,,,,,,,,,,,,,,,,,,,,,,,
 , , ,,,,,,,,,,,, ,,,,, ,, ,,,,,,,,
  , , ,, ,,, ,,,, , ,,,,,,,, , ,,,, ,,,,
   , , ,,,,,,,,,,,,,,,, ,,, ,,,,,,,,
  , ,, , ,,, ,,,,,,,,,,,, ,, ,,,,,,,,
 ,,,, ,,, ,,,,,,,,,,,,,,,,,,, ,,,
 , ,,,,,,,,,,,,,,,,,,,,,,,,, ,,,
 ,,,,,,,,,,,,,,,,,,,,,,,,,,,,,
 ,,,,,,,,,,,,,,,,,,,,,,,,, ,,,,
 2nd week of June,1150,1200,1750,920.33,1400,633.33,1000,950,1180,512.5,550,600,1166.67,1941.67,,990,,1060,1075,1012.5,1325,,,937.5,1080,380,1491.67,,
  ,  , ,,,,,,,,,,,,,,,,,,,,,,,,,,,
 ,,,,,,,,,,,,,,,,,,,,,,,, ,,,,,
 ,,,,,,,,,,,,,,,,,,,,,,,,,,,,,
 ,,,,,,,,,,,,,,,,,,,,,,,,,,,,,
 ,,,,,,,,,,,,,,,,,,,,,,,,,,,,,
 2nd week of June,1520,1570,2440,1333.33,1742.86,641.67,1400,1157.14,1391.67,350,900,675,1375,2785.71,,,,1325,1550,1300,1725,,,1225,1380,466.67,1750,,716.67
  ,  , ,,, ,,,,,,,,,,,,,,,,,,,,,,,,
 ,,,,,,,,,,,,,, ,,,,, ,, ,,,,,,,,
 , , ,,,,,,,,, ,,,,,,,,,, ,,,, ,,,,
  , , ,,,,,,,,,,,,,,,, ,,,,,,,,,,,
 ,,,,,,,,,,,,,,,,,,, ,,,,,,,,,,
 ,,,, , ,,,,,,,,,,,,,,,,,,,,, ,,,
 2nd  week of June,1440,1442.86,2135.71,1032.14,1516.67,407.14,1100,889.29,1100,375,700,650,1564.29,2457.14,,,,962.5,1350,1207.14,1207.14,,,750,1370,312.5,1580,,
  ,  , ,, , ,,,,,,,,,,,,,,,,,,,,,,,,
  , , ,,,,,,,,,,,, ,,,,, ,, ,,,,,,,,
  , , ,, ,,, ,,,, , ,,,,,,,, , ,,,, ,,,,
   , , ,,,,,,,,,,,,,,,, ,,, ,,,,,,,,
  , ,, , ,,, ,,,,,,,,,,,, ,, ,,,,,,,,
 ,,,, ,,, ,,,,,,,,,,,,,,,,,,, ,,,
 , ,,,,,,,,,,,,,,,,,,,,,,,,, ,,,
 ,,,,,,,,,,,,,,,,,,,,,,,,,,,,,
 ,,,,,,,,,,,,,,,,,,,,,,,,, ,,,,
 3rd week of June,1362.5,1600,1721.43,864.29,1600,683.33,,1014.29,1225,533.33,500,600,1092.86,1978.57,,916.67,,1020,1350,1058,,,,857.14,1175,485,1340,,
  ,  , ,,,,,,,,,,,,,,,,,,,,,,,,,,,
 ,, ,,,,,,,,,,,,,,,,,,,,,, ,,,,,
 ,,,,,,,,,,,,,,,,,,,,,,,,,,,,,
 ,,,,,,,,,,,,,,,,,,,,,,,,,,,,,
 ,,,,,,,,,,,,,,,,,,,,,,,,,,,,,
 3rd week of June,1417.86,1620,2164.29,1157.14,1475,500,1350,966.67,1307.14,416.67,850,578.57,1396.43,2435.71,,,,1228.57,1471.43,1285.71,1514.29,,,1042.86,1530,420,1696.43,,600
  ,  , ,,, ,,,,,,,,,,,,,,,,,,,,,,,,
 ,,,,,,,,,,,,,, ,,,,, ,, ,,,,,,,,
 , , ,,,,,,,,, ,,,,,,,,,, ,,,, ,,,,
  , , ,,,,,,,,,,,,,,,, ,,,,,,,,,,,
 ,,,,,,,,,,,,,,,,,,, ,,,,,,,,,,
 ,,,, , ,,,,,,,,,,,,,,,,,,,,, ,,,
 3rd  week of June,1233.33,1462.5,1983.3,712.5,1480,445.83,1000,716.67,1000,276.25,600,450,1383.33,2258.33,,,,925,1287.5,966.67,1287.5,,,600,1160,311.67,1691.67,,500
  ,  , ,, , ,,,,,,,,,,,,,,,,,,,,,,,,
  , , ,,,,,,,,,,,, ,,,,, ,, ,,,,,,,,
  , , ,, ,,, ,,,, , ,,,,,,,, , ,,,, ,,,,
   , , ,,,,,,,,,,,,,,,, ,,, ,,,,,,,,
  , ,, , ,,, ,,,,,,,,,,,, ,, ,,,,,,,,
 ,,,, ,,, ,,,,,,,,,,,,,,,,,,, ,,,
 , ,,,,,,,,,,,,,,,,,,,,,,,,, ,,,
 ,,,,,,,,,,,,,,,,,,,,,,,,,,,,,
 ,,,,,,,,,,,,,,,,,,,,,,,,, ,,,,
 4th week of June,1300,1360,1700,807.14,1375,521.43,1166.67,904.17,1070.83,355,550,516.67,1091.67,1891.67,,,,964.29,1316.62,858.33,1292.86,,,790,1083.33,353.57,1250,,600
  ,  , ,,,,,,,,,,,,,,,,,,,,,,,,,,,
 ,, ,,,,,,,,,,,,,,,,,,,,,, ,,,,,
 ,,,,,,,,,,,,,,,,,,,,,,,,,,,,,
 ,,,,,,,,,,,,,,,,,,,,,,,,,,,,,
 ,,,,,,,,,,,,,,,,,,,,,,,,,,,,,
 4th week of June,1442.86,1400,2283.33,1100,1566.67,491.66,1125,1042.86,1207.14,370.83,780,766.67,1400,2592.86,,,,1150,1450,1200,1566.67,,,916.67,1525,310,1533.33,,
  ,  , ,,, ,,,,,,,,,,,,,,,,,,,,,,,,
 ,,,,,,,,,,,,,, ,,,,, ,, ,,,,,,,,
 , , ,,,,,,,,, ,,,,,,,,,, ,,,, ,,,,
  ,,,,,,,,,,,,,,,,,, ,,,,,,,,,,,
 ,,, ,,,,,,,,,,,,,,,, ,,,,,,,,,,
 ,,,, , ,,,,,,,,,,,,,,,,,,,,, ,,,
 4th  week of June,1441.67,1466.67,1864.29,828.52,1183.33,516.67,1028.57,800,1007,312.5,575,633.3,1464.29,2250,,,,1033.33,1450,1025,1285.71,,,689.23,1170,450,1750,,512.5
  ,  , ,, , ,,,,,,,,,,,,,,,,,,,,,,,,
  , , ,,,,,,,,,,,, ,,,,, ,, ,,,,,,,,
  , , ,, ,,, ,,,, , ,,,,,,,, , ,,,, ,,,,
   , , ,,,,,,,,,,,,,,,, ,,, ,,,,,,,,
  , ,, , ,,, ,,,,,,,,,,,, ,, ,,,,,,,,
 ,,,, ,,, ,,,,,,,,,,,,,,,,,,, ,,,
 , ,,,,,,,,,,,,,,,,,,,,,,,,, ,,,
 ,,,,,,,,,,,,,,,,,,,,,,,,,,,,,
 ,,,,,,,,,,,,,,,,,,,,,,,,, ,,,,
2022 4th  week of Feb.,833.33,873.33,1216.67,618.33,1100,256,800,606.43,626,200,356,330,1100,1483.33,,650,,580,633.33,625,925,,,500,712.5,151.43,1212.5,,350
 Last Year,0.7304347826086957,,0.6324246575342467,0.5090890600767805,0.4052013422818792,0.6166138158303798,0.5,0.5196746936094059,0.7518915350632204,1.0512820512820513,0.5483870967741935,0.5992411876295938,0.3271604938271605,0.6212293249364971,,0.9428571428571428,,0.6773648202446048,0.5957446808510638,0.651685393258427,0.34831460674157305,,,0.49333333333333335,,0.8682439765574125,0.804698779367371,,
 2020.0,0.6835871404399323,,0.7900737558396299,1.2764823195520443,0.38921142553826754,0.33820577487261316,0.5,0.4716670688633922,0.15320976718533244,0.48148148148148145,0.8461538461538461,0.12577639751552794,-0.10416666666666667,0.6376772179588748,,0.6,,0.13055708868196636,0.08433212370060873,0.33636363636363636,0.7142857142857143,,,0.4,,0.32415384615384607,0.8831603615667895,,
  ,, ,,,,,,,,,,,,,,,,,,,,,,,,,,,
 ,,,,,,,,,,,,,,,,,,,,,,,,,,,,,
 1st week of Mar.,1120,1150,1340,620.83,940,423.33,906.25,716.67,837.5,350,465,483.33,1541.67,1583.33,,,,787.5,910,916.67,1175,,,700,880,320,1550,,500
  ,  , ,,, ,,,,,,,,,,,,,,,,,,,,,,,,
 ,,,,,,,,,,,,,, ,,,,, ,, ,,,,,,,,
 , , ,,,,,,,,, ,,,,,,,,,, ,,,, ,,,,
 , ,,,,,,,,,,,,,,,,,,,,,,,,,,,,
 ,,,,,,,,,,,,,,,,,,, ,,,,,,,,,,
 ,,,,,,,,,,,,,,,,,,,,,,,,,,,,,
 1st week of Mar.,1067.86,1125,1692.86,525,1191.67,265.83,930,703.57,750,329.17,503.57,454.17,1635.71,1878.57,,,,703.57,1033.33,987.5,1320,,,739.29,917.86,209.17,1560,,400
  ,  , ,, , ,,,,,,,,,,,,,,,,,,,,,,,,
 , , ,,,,,,,,,,,, ,,,,, ,, ,,,,,,,,
  , , ,, ,,, ,,,, , ,,,,,,,,, ,,,, ,,,,
  , , ,,,,,,,,,,,,,,,, ,,,,,,,,,,,
  , ,, , ,,, ,,,,,,,,,,,, ,,,,,,,,,,
 ,,,, ,,, ,,,,,,,,,,,,,,,,,,, ,,,
 , ,,,,,,,,,,,,,,,,,,,,,,,,, ,,,
 ,,,,,,,,,,,,,,,,,,,,,,,,,,,,,
 ,,,,,,,,,,,,,,,,,,,,,,,,, ,,,,
2022 1st  week of Mar.,995,1200,1191.67,593.57,837.5,260,900,670.83,690,200,480,362.5,1075,1385,,680,,635,750,735,1200,,,560,925,172.14,1237.5,,
 Last Year,1.0281832970654723,,0.8693221332824238,0.5462691301244945,0.6596286919831225,0.6385334482529998,0.057692307692307696,0.4355247515869278,0.6212627977634232,1.5333,0.36365185968022373,0.8055555555555556,0.2914793261868301,0.7263916530258959,,0.42711395049432793,,0.5979000181032922,0.7018305587677002,0.5406976744186046,0.4457831325301205,,,0.2857142857142857,0.7732558139534884,1.161153846153846,0.9060205580029369,,0.4144736842105263
 2020.0,0.8823529411764706,,1.0645030120481926,0.8921628877316685,0.7685791366906476,0.26738461538461533,-0.017857142857142856,0.47465437788018433,0.12058164363739045,0.8095000000000001,0.30293159609120524,-0.07142857142857142,0.01362500000000007,0.6997101449275362,,0.25,,0.16139097744360906,0.248,0.26673040152963673,0.2,,,0.10429447852760736,,0.16255172413793098,0.8429618320610689,,0.4685792349726776
  ,, ,,,,,,,,,,,,,,,,,,,,,,,,,,,
 , ,,,,,,,,,,,,,,,,,,,,,,,,,,,,
 2nd week of Mar.,1171.43,1121.43,1307.14,728.57,1200,425,966.67,735.71,800,350,483.33,475,1342.86,1585.71,,,,766.67,1066.67,892.86,1192.86,,,714.29,985,364.29,1464.29,,
  ,  , ,,, ,,,,,,,,,,,,,,,,,,,,,,,,
 ,,,,,,,,,,,,,, ,,,,, ,, ,,,,,,,,
 , , ,,,,,,,,, ,,,,,,,,,, ,,,, ,,,,
 , ,,,,,,,,,,,,,,,,,,,,,,,,,,,,
 ,,,,,,,,,,,,,,,,,,, ,,,,,,,,,,
 ,,,,,,,,,,,,,,,,,,,,,,,,,,,,,
 2nd week of Mar.,960,957.14,1542.86,492.86,1010.71,275,814.29,550,650,278.33,500,510,1514.29,1771.43,,,,564.29,860,808.33,1116.67,,,521.43,778.57,221.67,1657.14,,400
  ,  , ,, , ,,,,,,,,,,,,,,,,,,,,,,,,
 , , ,,,,,,,,,,,, ,,,,, ,, ,,,,,,,,
  , , ,, ,,, ,,,, , ,,,,,,,,, ,,,, ,,,,
  , , ,,,,,,,,,,,,,,,, ,,,,,,,,,,,
  , ,, , ,,, ,,,,,,,,,,,, ,,,,,,,,,,
 ,,,, ,,, ,,,,,,,,,,,,,,,,,,, ,,,
 , ,,,,,,,,,,,,,,,,,,,,,,,,, ,,,
 ,,,,,,,,,,,,,,,,,,,,,,,,,,,,,
 ,,,,,,,,,,,,,,,,,,,,,,,,, ,,,,
2022 2nd  week of Mar.,960,891.67,1370.83,585,983.33,247.14,687.5,640,635,253.33,400,325,1054.17,1466,,587.5,,617.86,780,662.5,1200,,,450,762.5,168.57,1207.14,,537.5
 Last Year,,,0.7999910000449999,0.36479382941067695,0.6324626865671642,0.8133802816901409,0.2345679012345679,0.34186160933935683,0.25240416871673305,1.5,0.3836603773584906,0.2711648955102457,0.22490361445783127,0.7741935483870968,,0.3323353293413174,,0.22004392185569854,0.2580563996361315,0.48622762401743835,0.7256637168141593,,,0.6400264002640026,0.3579175704989154,0.9529038831654025,0.3793103448275862,,
 2020.0,0.6411632653061223,,0.8181818181818182,0.6774999999999999,0.6762452107279694,0.5297332620447929,,0.7604084147522227,-0.06666666666666667,1.0833333333333333,0.2941446369957295,-0.2857142857142857,0.08444799999999995,,,0.390625,,-0.007758139534883645,-0.07142857142857142,0.318359375,0.1386861313868613,,,0.2862823529411764,,0.3911290322580645,0.6551632818577554,,0.23808571428571423
  ,  , ,,,,,,,,,,,,,,,,,,,,,,,,,,,
 , ,,,,,,,,,,,,,,,,,,,,,,,,,,,,
 3rd week of Mar.,1014.29,1100,1328.57,689.29,1135.71,339.29,875,604.17,657.14,329.29,600,408.33,1342.86,1642.86,,,,621.43,950,764.29,1057.14,,,678.57,821.43,250,1500,,500
  ,  , ,,, ,,,,,,,,,,,,,,,,,,,,,,,,
 ,,,,,,,,,,,,,, ,,,,, ,, ,,,,,,,,
 , , ,,,,,,,,, ,,,,,,,,,, ,,,, ,,,,
 , ,,,,,,,,,,,,,,,,,,,,,,,,,,,,
 ,,,,,,,,,,,,,,,,,,, ,,,,,,,,,,
 ,,,,,,,,,,,,,,,,,,,,,,,,,, ,,,
 3rd week of Mar.,1057.14,985.71,1414.28,514.29,864.29,287.14,900,596.43,782.14,257.14,500,510,1566.67,1621.43,,,,671.43,900,871,1264.29,,,621.43,966.67,198.57,1591.67,,
  ,  , ,, , ,,,,,,,,,,,,,,,,,,,,,,,,
 , , ,,,,,,,,,,,, ,,,,, ,, ,,,,,,,,
  , , ,, ,,, ,,,, , ,,,,,,,,, ,,,, ,,,,
  , , ,,,,,,,,,,,,,,,, ,,,,,,,,,,,
  , ,, , ,,, ,,,,,,,,,,,, ,,,,,,,,,,
 ,,,, ,,, ,,,,,,,,,,,,,,,,,,, ,,,
 , ,,,,,,,,,,,,,,,,,,,,,,,,, ,,,
 ,,,,,,,,,,,,,,,,,,,,,,,,,,,,,
 ,,,,,,,,,,,,,,,,,,,,,,,,, ,,,,
 4th  week of Mar.,759.17,795,1250,532.14,1050,240,700,437.17,589.29,280,350,310,971.43,1420,,479.17,,500.83,706.25,656.25,916.67,,,415,650,142.5,1058.3,,416.67
  ,  , ,,,,,,,,,,,,,,,,,,,,,,,,,,,
 , ,,,,,,,,,,,,,,,,,,,,,,,,,,,,
 4th week of Mar.,966.67,864.29,1328.57,636.43,957.14,307.14,766.67,571.43,614.29,275,350,395.83,1371.43,1585.21,,,,607.14,850,764.29,1057.14,,,660.71,735.71,208.33,1471.43,,
  ,  , ,,, ,,,,,,,,,,,,,,,,,,,,,,,,
 ,,,,,,,,,,,,,, ,,,,, ,, ,,,,,,,,
 , , ,,,,,,,,, ,,,,,,,,,, ,,,, ,,,,
 , ,,,,,,,,,,,,,,,,,,,,,,,,,,,,
 ,,,,,,,,,,,,,,,,,,, ,,,,,,,,,,
 ,,,,,,,,,,,,,,,,,,,,,,,,,, ,,,
 4th week of Mar.,980,1070,1350,525,930,395.83,912.5,687.5,733.33,283.33,350,425,1670,1558.33,,,,660,920,816.67,1275,,,650,866.67,297.5,1616.67,,
  ,  , ,, , ,,,,,,,,,,,,,,,,,,,,,,,,
 , , ,,,,,,,,,,,, ,,,,, ,, ,,,,,,,,
  , , ,, ,,, ,,,, , ,,,,,,,,, ,,,, ,,,,
  , , ,,,,,,,,,,,,,,,, ,,,,,,,,,,,
  , ,, , ,,, ,,,,,,,,,,,, ,,,,,,,,,,
 ,,,, ,,, ,,,,,,,,,,,,,,,,,,, ,,,
 , ,,,,,,,,,,,,,,,,,,,,,,,,, ,,,
 ,,,,,,,,,,,,,,,,,,,,,,,,,,,,,
 ,,,,,,,,,,,,,,,,,,,,,,,,, ,,,,
,845,1083.33,1200,621.43,1115,265,,570,695.83,231.25,325,400,1008.33,1368.75,,700,,612.5,875,650,1200,,,680,800,206.67,1256.25,,
,  , ,,,,,,,,,,,,,,,,,,,,,,,,,,,
 1st week of May,1225,1350,1962.5,1000,1375,581.25,933.33,887.5,1100,266.68,550,533.33,1212.5,2300,,,,966.67,1450,1200,1333.33,,,933.33,1233.33,400,887.5,,
  ,  , ,,, ,,,,,,,,,,,,,,,,,,,,,,,,
 ,,,,,,,,,,,,,, ,,,,, ,, ,,,,,,,,
 , , ,,,,,,,,, ,,,,,,,,,, ,,,, ,,,,
  , ,,,,,,,,,,,,,,,,,,,,,,,,,,,,
 ,,,,,,,,,,,,,,,,,,, ,,,,,,,,,,
 ,,,,, ,,,,,,,,,,,,,,,,,,,,, ,,,
 1st week of May,1214.29,1240,1683.33,828.52,1290,378.57,1033.33,575,935.71,306.25,650,400,1525.43,2057.14,,,,858.14,1200,978.57,1300,,,635.71,1114.29,256,1528.57,,
  ,  , ,, , ,,,,,,,,,,,,,,,,,,,,,,,,
 , , ,,,,,,,,,,,, ,,,,, ,, ,,,,,,,,
  , , ,, ,,, ,,,, , ,,,,,,,, , ,,,, ,,,,
   , , ,,,,,,,,,,,,,,,, ,,,,,,,,,,,
  , ,, , ,,, ,,,,,,,,,,,, ,,,,,,,,,,
 ,,,, ,,, ,,,,,,,,,,,,,,,,,,, ,,,
 , ,,,,,,,,,,,,,,,,,,,,,,,,, ,,,
 ,,,,,,,,,,,,,,,,,,,,,,,,,,,,,
 ,,,,,,,,,,,,,,,,,,,,,,,,, ,,,,
 2nd week of May,1250,1280,1785.71,1021.43,1371.43,440.71,1040,739.29,975,340,640,591.67,1271.43,2107.14,,,,900,1300,1040,1333.33,,,957.14,1140,358.33,1471.43,,425
  ,  , ,,, ,,,,,,,,,,,,,,,,,,,,,,,,
 ,,,,,,,,,,,,,, ,,,,, ,, ,,,,,,,,
 , , ,,,,,,,,, ,,,,,,,,,, ,,,, ,,,,
  , ,,,,,,,,,,,,,,,,,,,,,,,,,,,,
 ,,,,,,,,,,,,,,,,,,, ,,,,,,,,,,
 ,,,,, ,,,,,,,,,,,,,,,,,,,,, ,,,
 2nd week of May,1350,1385.71,1914.29,957.14,1442.86,517.86,1025,778.57,1064.29,366.67,616.67,466.67,1528.57,2285.71,,,,920,1250,1178.57,1328.57,,,714.29,1164.29,335.71,1633.33,,
  ,  , ,, , ,,,,,,,,,,,,,,,,,,,,,,,,
 , , ,,,,,,,,,,,, ,,,,, ,, ,,,,,,,,
  , , ,, ,,, ,,,, , ,,,,,,,, , ,,,, ,,,,
   , , ,,,,,,,,,,,,,,,, ,,,,,,,,,,,
  , ,, , ,,, ,,,,,,,,,,,, ,, ,,,,,,,,
 ,,,, ,,, ,,,,,,,,,,,,,,,,,,, ,,,
 , ,,,,,,,,,,,,,,,,,,,,,,,,, ,,,
 ,,,,,,,,,,,,,,,,,,,,,,,,,,,,,
 ,,,,,,,,,,,,,,,,,,,,,,,,, ,,,,
 3rd week of May,1466.67,,1475,1175,,476.25,,875,1083.33,350,600,600,1068.75,1687.5,,816.67,,1000,1400,,1162.5,,,937.5,1100,,1550,,
  ,  , ,,,,,,,,,,,,,,,,,,,,,,,,,,,
 ,,,,,,,,,,,,,,,,,,,,,,,,,,,,,
 ,,,, ,,,,,,,,,,,,,,,,,,,,,,,,,
 ,,,,,,,,,,,,,,,,,,,,,,,,,,,,,
 3rd week of May,1414.29,1391.67,1857.14,1128.57,1464.23,425.71,1216.67,789.29,1121.43,366.67,566.67,587.5,1271.43,2333.33,,,,1166.67,1350,1171.43,1316.67,,,1078.57,1360,341.67,1664.29,,520
  ,  , ,,, ,,,,,,,,,,,,,,,,,,,,,,,,
 ,,,,,,,,,,,,,, ,,,,, ,, ,,,,,,,,
 , , ,,,,,,,,, ,,,,,,,,,, ,,,, ,,,,
  , ,,,,,,,,,,,,,,,,,,,,,,,,,,,,
 ,,,,,,,,,,,,,,,,,,, ,,,,,,,,,,
 ,,,,, ,,,,,,,,,,,,,,,,,,,,, ,,,
 3rd week of May,1175,1350,1841.67,960.71,1364.29,542.86,1162.5,792.86,940,350,600,540,1507.14,2278.57,,,,925,1233.33,1035.21,1316.67,,,675,1142.86,376.43,1585.71,,618.75
  ,  , ,, , ,,,,,,,,,,,,,,,,,,,,,,,,
 , , ,,,,,,,,,,,, ,,,,, ,, ,,,,,,,,
  , , ,, ,,, ,,,, , ,,,,,,,, , ,,,, ,,,,
   , , ,,,,,,,,,,,,,,,, ,,,,,,,,,,,
  , ,, , ,,, ,,,,,,,,,,,, ,, ,,,,,,,,
 ,,,, ,,, ,,,,,,,,,,,,,,,,,,, ,,,
 , ,,,,,,,,,,,,,,,,,,,,,,,,, ,,,
 ,,,,,,,,,,,,,,,,,,,,,,,,,,,,,
 ,,,,,,,,,,,,,,,,,,,,,,,,, ,,,,
 4th week of May,1228.57,1320,1716.67,1150,1521.43,457.14,1380,928.57,1142.86,390,490,607.14,1214.29,1950,,918.75,,975,1362.5,1016.67,1225,,,825,1087.5,270,1528.57,,800
  ,  , ,,,,,,,,,,,,,,,,,,,,,,,,,,,
 ,,,, ,,,,,,,,,,,,,,,,,,,,,,,,,
 ,,,,,,,,,,,,,,,,,,,,,,,,,,,,,
 ,,,, ,,,,,,,,,,,,,,,,,,,,,,,,,
 4th week of May,1478.57,1416.67,2378.57,1264.293,1742.86,446,1237.33,921.43,1278.57,416.67,600,516.67,1217.86,2700,,,,1250,1280,1250,1460,,,1280,1446.67,395,1571,,700
  ,  , ,,, ,,,,,,,,,,,,,,,,,,,,,,,,
 ,,,,,,,,,,,,,, ,,,,, ,, ,,,,,,,,
 , , ,,,,,,,,, ,,,,,,,,,, ,,,, ,,,,
  , ,,,,,,,,,,,,,,,,, ,,,,,,,,,,,
 ,,,,,,,,,,,,,,,,,,, ,,,,,,,,,,
 ,,,, , ,,,,,,,,,,,,,,,,,,,,, ,,,
 4th week of May,1250,1200,1850,1025,1350,531.25,1100,750,887.5,350,700,500,1550,2350,,,,733.33,1125,900,1287.5,,,667.75,1125,308.75,1500,,500
  ,  , ,, , ,,,,,,,,,,,,,,,,,,,,,,,,
 , , ,,,,,,,,,,,, ,,,,, ,, ,,,,,,,,
  , , ,, ,,, ,,,, , ,,,,,,,, , ,,,, ,,,,
   , , ,,,,,,,,,,,,,,,, ,,, ,,,,,,,,
  , ,, , ,,, ,,,,,,,,,,,, ,, ,,,,,,,,
 ,,,, ,,, ,,,,,,,,,,,,,,,,,,, ,,,
 , ,,,,,,,,,,,,,,,,,,,,,,,,, ,,,
 ,,,,,,,,,,,,,,,,,,,,,,,,,,,,,
 ,,,,,,,,,,,,,,,,,,,,,,,,, ,,,,
2021 3rd week of Nov.,887.5,850,1362.5,437,875,237,,475,430,206.67,250,340,925,1537.5,,593.3,,390,545,603,1000,,,562.5,513.33,153,1250,,475
 Last Year,0.5060240963855421,0.3574660633484163,1.6727272727272726,0.5555666666666668,1.375637755102041,0.11710900473933653,0.19808306709265175,0.3009166666666666,0.5335763888888889,,0.041666666666666664,0.784967741935484,0.08469066366704157,1.7166666666666666,,0.6138328530259366,,0.3162578616352201,0.5,0.8987341772151899,,,,0.7989259259259258,0.4414324324324325,0.5660377358490566,1.3398876404494382,,0.1506849315068493
 2019.0,0.25,,,0.3494202353757628,0.6704035874439462,0.024826086956521772,,0.17818867924528298,0.02035300097029063,0.3420699455277493,,-0.08538842975206606,-0.10988341502589236,0.6689362834939131,,0.20430107526881722,,0.11618666666666665,0.043478260869565216,0.3274336283185841,0.34043123587759944,,,0.6190333333333332,0.329171339563863,0.26717557251908397,0.32926097557861944,,0.3125
  ,, ,,,,,,,,,,,,,,,,,,,,,,,,,,,
2021 1st week of Nov.,706.25,800,1064,328.57,712.86,202.86,650,407.5,350,175,258.363,277.5,992.86,1329.17,,345,,331.67,500,520.83,883.33,,,405.83,485,89.29,955,,383.33
 Last Year,0.7235943775100402,0.19155354449472098,1.4,0.3617333333333333,0.9005102040816326,0.2390047393364929,0.038338658146964855,0.2870277777777777,0.5219791666666667,,0.08333333333333333,1.064516129032258,0.0686164229471316,1.375,,0.1988472622478386,,0.18238993710691823,0.35715,0.8354430379746836,,,,0.8296296296296296,0.5057837837837837,0.3443396226415094,1.2808988764044944,,-0.0410958904109589
 2019.0,0.6997029702970298,,,0.15076056338028163,0.192,0.3942933333333334,,0.362735294117647,0.3150031500315003,0.371917758103461,0.4444444444444444,0.4328572068239824,-0.10588235294117647,0.6715542521994134,,0.11229946524064172,,0.3146853146853147,-0.09523333333333331,0.4146341463414634,0.07070303030303035,,,0.5171990171990171,0.7090184049079754,-0.12037037037037036,0.20833333333333334,,-0.018700759805983166
  ,, ,,,,,,,,,,,,,,,,,,,,,,,,,,,
 1st week of Nov,832.14,985.71,1500,660.71,1078.57,189.29,785.71,389.29,428.57,200,,300,1250,1685.71,,,,371.43,700,735.71,1057.14,,,585.71,589.29,126,1485.71,,
  ,  , ,,, ,,,,,,,,,,,,,,,,,,,,,,,,
 , , ,,,,,,,,,,,, ,,,,, ,, ,,,,,,,,
  , , ,, ,,,,,,, , ,,,,,,,,, ,,,, ,,,,
  ,, ,,,,,,,,,,,,,,,, ,,,,,,,,,,,
  , ,, , ,,, ,,,,,,,,,,,, ,,,,,,,,,,
 ,,,, ,,, ,,,,,,,,,,,,,,,,,,, ,,,
 , ,,,,,,,,,,,,,,,,,,,,,,,,,,,,
 ,,,,,,,,,,,,,,,,,,,,,,,,,,,,,
 ,,,,,,,,,,,,,,,,,,,,,,,,, ,,,,
 2nd week of Nov,878.57,866.67,1571.43,600,1121.43,204.29,1066.67,371.43,460.71,258.33,295,362.5,1266.67,1757.14,,,,355,596,650,1057.14,,,591.67,529.17,144.29,1500,,
  ,  , ,,, ,,,,,,,,,,,,,,,,,,,,,,,,
 , , ,,,,,,,,,,,, ,,,,, ,, ,,,,,,,,
  , , ,, ,,,,,,, , ,,,,,,,,, ,,,, ,,,,
  ,, ,,,,,,,,,,,,,,,, ,,,,,,,,,,,
  , ,, , ,,, ,,,,,,,,,,,, ,,,,,,,,,,
 ,,,, ,,, ,,,,,,,,,,,,,,,,,,, ,,,
 , ,,,,,,,,,,,,,,,,,,,,,,,,,,,,
 ,,,,,,,,,,,,,,,,,,,,,,,,,,,,,
 ,,,,,,,,,,,,,,,,,,,,,,,,, ,,,,
2021 4th week of Oct.,812.5,766.67,1187.5,456.67,889.17,207.5,715,385.83,375.71,165,290,316,985.71,1400,,446,,375,490,567.5,1000,,,503.33,445.83,128.57,1020,,465
 Last Year,0.4181726907630522,0.2066365007541478,0.9345454545454546,0.09523333333333331,0.8185204081632653,-0.03857819905213264,0.038338658146964855,0.13194444444444445,0.2152777777777778,,-0.13879,0.7903225806451613,0.1168278965129359,,,-0.005763688760806916,,0.04298742138364785,0.25,0.6481962025316457,,,,0.503074074074074,0.3108108108108108,-0.1576415094339622,,,0.050219178082191736
 2019.0,0.765625,,,-0.15751282051282053,0.1497741935483871,0.2678750000000001,,0.025157232704402517,-0.1540785498489426,0.3125328133203329,0.17437727272727271,0.12121212121212122,-0.09739999999999999,0.7722266666666667,,-0.014285714285714285,,0.1761347517730497,0.17994100294985252,0.23419431279620861,,,,0.15951428571428566,0.34349030470914127,-0.3482481751824817,,,0.23654838709677414
  ,, ,,,,,,,,,,,,,,,,,,,,,,,,,,,
 ,, , ,,,,,,,,,,,,,,,,,,,,,,,,,,
 1st week of  Nov.,900,916.67,1940,512.5,1058.33,404.17,800,595.83,530,308.33,375,356,1308.33,2283.33,,,,433.33,612.5,645,1000,,,510,708.332,270,1612.5,,550
  ,  , ,,, ,,,,,,,,,,,,,,,,,,,,,,,,
 ,,,,,,,,,,,,,, ,,,,, ,, ,,,,,,,,
 , ,,,,,,,,,,,,,,,,,,,,,,,,,,,,
 ,,,,,,,,,,,,,,,,,,,,,,,,,,,,,
 1st  week of Nov.,983.3333333333334,1080,1657.142857142857,639.2857142857143,1189.2857142857142,400,900,732.1428571428571,685.7142857142857,193,466.6666666666667,281.25,1578.5714285714287,1921.4285714285713,,,,650,770,589.2857142857143,1179.1666666666667,,,425,557.1428571428571,287.14285714285717,1625,,375
  ,  , ,, , ,,,,,,,,,,,,,,,,,,,,, ,,,
   , , ,,,,,,,,,,,, ,,,,, ,, ,,,,,,,,
  , , ,, ,,, ,,,, , ,,,,,,,, , ,,, , ,,,,
   , , ,,,,,,,, ,,,,,,,, ,,, ,,, ,,,,,
   , ,, , ,,, ,,,,,,,,,,,, , , ,,,,,, ,,
 ,,,, ,,, ,,,,,,,,,,,,,,,,, ,, ,,,
 , ,,,,,,,,,,,,,,,,,,,,,,,,, ,,,
 ,,,,,,,,,,,,,,,,,,,,,,,,,,,,,
 ,,,,,,,,,,,,,,,,,,,,,,,,, ,,,,
 2nd week of  Nov.,1082.14,1128.57,2035.71,675,1128.57,554.29,762.5,600,567.86,392.86,366.67,400,1521.43,2421.43,,,,575,675,766.67,991.67,,,667.14,640,286.67,1625,,
  ,  , ,,, ,,,,,,,,,,,,,,,,,,,,,,,,
 ,,,,,,,,,,,,,, ,,,,, ,, ,,,,,,,,
 , ,,,,,,,,,, ,,,,,,,,,,,,,,,,,,
 ,,,,,,,,,,,,,,,,,,,,,,,,,,,,,
 2nd  week of Nov.,1200,1060,1696.4285714285713,667.8571428571429,1341.6666666666667,455,937.5,900,714.2857142857143,300,462.5,366.6666666666667,1575,2150,,,,590,737.5,764.2857142857143,1270,,,550,675,280.8333333333333,1800,,483.3333333333333
  ,  , ,, , ,,,,,,,,,,,,,,,,,,,,, ,,,
   , , ,,,,,,,,,,,, ,,,,, ,, ,,,,,,,,
  , , ,, ,,, ,,,, , ,,,,,,,, , ,,, , ,,,,
   , , ,,,,,,,, ,,,,,,,, ,,, ,,, ,,,,,
   , ,, , ,,, ,,,,,,,,,,,, , , ,,,,,, ,,
 ,,,, ,,, ,,,,,,,,,,,,,,,,, ,, ,,,
 , ,,,,,,,,,,,,,,,,,,,,,,,,, ,,,
 ,,,,,,,,,,,,,,,,,,,,,,,,,,,,,
 ,,,,,,,,,,, ,,,,,,,,,,,,,, ,,,,
 3rd week of  Nov.,1050,914.29,1842.86,575,1016.67,521.43,766.67,512.5,539.29,256,300,339.29,1533.33,2164.29,,,,571.43,650,707.14,1021.43,,,566.67,735.71,302.5,1650,,400
  ,  , ,,, ,,,,,,,,,,,,,,,,,,,,,,,,
 ,,,,,,,,,,,,,, ,,,,, ,, ,,,,,,,,
 , ,,,,,,,,,, ,,,,,,,,,,,,,,,,,,
 ,,,,,,,,,,,,,,,,,,,,,,,,,,,,,
 3rd week of Nov,1033.33,935.71,1457.14,664.29,1183.33,264.29,980,364.29,414.29,250,400,341.67,1300,1657.14,,,,414.29,683.33,750,1242.86,,,490.71,635.71,144.17,1620,,425
  ,  , ,,, ,,,,,,,,,,,,,,,,,,,,,,,,
 , , ,,,,,,,,,,,, ,,,,, ,, ,,,,,,,,
  , , ,, ,,,,,,, , ,,,,,,,,, ,,,, ,,,,
  ,, ,,,,,,,,,,,,,,,, ,,,,,,,,,,,
  , ,, , ,,, ,,,,,,,,,,,, ,,,,,,,,,,
 ,,,, ,,, ,,,,,,,,,,,,,,,,,,, ,,,
 , ,,,,,,,,,,,,,,,,,,,,,,,,,,,,
 ,,,,,,,,,,,,,,,,,,,,,,,,,,,,,
 ,,,,,,,,,,,,,,,,,,,,,,,,, ,,,,
 3rd  week of Nov.,1050,1200,1766.6666666666667,758.3333333333334,1358.3333333333333,345,990,933.33,658.3333333333334,225,350,293.75,1600,2183.3333333333335,,,,600,760,783.3333333333334,1340,,,566.6666666666666,600,230,1450,,
  ,  , ,, , ,,,,,,,,,,,,,,,,,,,,, ,,,
   , , ,,,,,,,,,,,, ,,,,, ,, ,,,,,,,,
  , , ,, ,,, ,,,, , , ,,,,,,, , ,,, , ,,,,
   , , ,,,,,,,, ,,,,,,,, ,,, ,,, ,,,,,
   , ,, , ,,, ,,,,,,,,,,,, , , ,,,,,, ,,
 ,,,, ,,, ,,,,,,,,,,,,,,,,, ,, ,,,
 , ,,,,,,,,,,,,,,,,,,,,,,,,, ,,,
 ,,,,,,,,,,,,,,,,,,,,,,,,,,,,,
 ,,,,,,,,,,, ,,,,,,,,,,,,,, ,,,,
 4th week of  Nov.,1133.33,1000,1700,610.71,1100,439.29,790,570.83,521.43,410,380,412.5,1385.71,2014.29,,,,590,770,775,1091.67,,,535.71,821.43,260,1740,,
  ,  , ,,, ,,,,,,,,,,,,,,,,,,,,,,,,
 ,,,,,,,,,,,,,, ,,,,, ,, ,,,,,,,,
 , ,,,,,,,,,, ,,,,,,,,,,,,,,,,,,
 ,,,,,,,,,,,,,,,,,,,,,,,,,,,,,
 4th week of Nov,975,810,1441.67,641.67,1083.33,260.83,816.67,455,433.31,207.5,225,350,1300,1766.66,,,,416.67,679.17,733.33,1237.5,,,570.83,550,190,1583.33,,425
  ,  , ,,, ,,,,,,,,,,,,,,,,,,,,,,,,
 , , ,,,,,,,,,,,, ,,,,, ,, ,,,,,,,,
  , , ,, ,,, ,,,, , ,,,,,,,,, ,,,, ,,,,
  ,, ,,,,,,,,,,,,,,,, ,,,,,,,,,,,
  , ,, , ,,, ,,,,,,,,,,,, ,,,,,,,,,,
 ,,,, ,,, ,,,,,,,,,,,,,,,,,,, ,,,
 , ,,,,,,,,,,,,,,,,,,,,,,,,,,,,
 ,,,,,,,,,,,,,,,,,,,,,,,,,,,,,
 ,,,,,,,,,,,,,,,,,,,,,,,,, ,,,,
 4th  week of Nov.,1257.142857142857,1150,1764.2857142857142,721.4285714285714,1341.6666666666667,407.14,975,725,712.5,233.33,366.6666666666667,375,1700,2150,,,,650,1000,745,1360,,,571.43,612.5,233.33333333333334,1621.4285714285713,,500
  ,  , ,, , ,,,,,,,,,,,,,,,,,,,,, ,,,
   , , ,,,,,,,,, ,,, ,,,,, , , ,,,,,,,,
  , , ,, ,,, ,,,, , , ,,,,,,, , ,,, , ,,,,
   , , ,,,,,,,, ,,,,,,,, ,, , ,,, ,,,,,
   , ,, , , ,, ,,,,,,,,,,,, , , ,,,,,, ,,
 ,,,, ,,, ,,,,,,, ,,,,,,,,,, ,, ,,,
 , ,,,,,,,,,,,,,,,,,,,,,,,,, ,,,
 ,,,,,,,,,,,,,,,,,,,,,,,,,,,,,
 ,,,,,,,,,,, ,,,,,,,,,,,,,, ,,,,
 1st week of Oct.,1560,1533.33,1762.5,736.43,1666.67,518.57,1116.67,578.57,789.29,425,,500,1545.83,2025,,,,716.67,886,1016.62,1270,,,798.33,960,343.75,1633.33,,600
  ,  , ,,, ,,,,,,,,,,,,,,,,,,,,,,,,
 ,,,,,,,,,,,,,, ,,,,, ,, ,,,,,,,,
 ,,,,,,,,,,,,,,,,,,,,,,,,,,,,,
  ,,,,,,,,,,,,,,,,,,,,,,,,,,,,,
 , ,,,,,,,,,,,,,,,,,,,,,,,,,,,,
2021 4th week of Sep.,716.67,630,1158.33,358.57,705,148.33,587.5,400,451.43,164,216.67,380,950,1290,,425,,391.67,538.33,620,850,,,482.5,457.14,183,962.5,,
 Last Year,0.009615384615384616,,0.5142800000000001,-0.12892682926829271,0.09803921568627451,-0.4793388429752066,0.048728813559322036,-0.2,-0.10528645833333335,-0.16666666666666666,,-0.0847457627118644,-0.07679411764705886,0.43393821827737505,,0,,-0.2236842105263158,-0.08124425777661118,0.059437984496123954,-0.09090909090909091,,,0.17746478873239438,0.06984444444444446,-0.3285611510791367,0.2903225806451613,,0.024589962377357562
 2019.0,0.4266304347826087,0.49998928579081575,0.5810421394066794,-0.06015789473684214,0.14485713818425666,-0.14864864864864866,0.125,-0.03768547836344442,-0.12863628293895363,0.0,-0.25,0.08,0.002533828742986719,0.43989807474518694,,0.15384615384615385,,0.1408902811617744,-0.07918968692449353,0.47465673976963124,0.08387656194354545,,,0.22941176470588234,0.5353190675128361,-0.17821607818966273,0.19047619047619047,,0.22550000000000003
  ,, ,,,,,,,,,,,,,,,,,,,,,,,,,,,
2021 2nd week of Oct.,733.33,662.5,1129.17,375.71,800,160.71,676.67,351.43,436.43,271.67,,325,946.43,1354.17,,420,,338.57,525,589.29,900,,,458,495,127.5,965,,425
 Last Year,-0.18771578947368425,,0.6165283540802213,0.3602941176470588,0.55,-0.08523090542467915,0.19174655377510325,0.16532844748612388,-0.03773542600896857,-0.2891531427332202,,0.0020552147239264293,-0.011816453183442282,0.5142857142857142,,0.38461538461538464,,0.21019108280254778,-0.24479687500000002,0.288023527896443,0.15834588208038927,,,0.3149731182795699,-0.011111111111111112,-0.030718759320011963,0.496551724137931,,0.15384615384615385
 2019.0,0.8707151515151514,0.618421052631579,0.6025860768692839,0.4453125,0.9514528881502745,0.056818181818181816,0.1813515528811973,0.19428950129784067,0.15102183125033525,0.4047857142857142,,0.28463565220810894,-0.13027126436781605,0.5406976744186046,,0.5,,0.5375900299425428,-0.11961748633879785,0.6633860996368275,0.3888888888888889,,,0.5951022271497048,0.21681113450548256,0.21871191525264833,0.3457364341085271,,0.45161290322580644
  ,, ,,,,,,,,,,,,,,,,,,,,,,,,,,,
 1st week of Oct.,1262.5,1290,1721.43,703.57,1278.57,307.86,900,511.43,721.43,,,479.17,1564.29,2153.57,,,,500,1110,900,1114.29,,,660,808.33,271.43,1650,,
  ,  , ,,, ,,,,,,,,,,,,,,,,,,,,,,,,
 , , ,,,,,,,,,,,, ,,,,, ,, ,,,,,,,,
  , , ,,,,,,,,, , ,,,,,,,,, ,,,, ,,,,
  ,,,,,,,,,,,,,,,,,, ,,,,,,,,,,,
  , ,, , ,,, ,,,,,,,,,,,, ,,,,,,,,,,
 ,,,, , ,, ,,,,,,,,,,,,,,,,,,, ,,,
 , ,,,,,,,,,,,,,,,,,,,,,,,,,,,,
 1st  week of Oct.,978.57,983.3333333333334,1678.5714285714287,671.4285714285714,1050,261.42857142857144,1000,564.2857142857143,687.5,175,450,350,1535.7142857142858,2014.2857142857142,,,,616.6666666666666,666.6666666666666,696.4285714285714,1135.7142857142858,,,635.7142857142857,642.8571428571429,185.71428571428572,1442.857142857143,,400
  ,  , ,, , ,,,,,,,,,,,,,,,,,,,,, ,,,
   , , ,,,,,,,,,,,, ,,,,, ,, ,,,,,,,,
  , , ,, ,,, ,,,, , ,,,,,,,, , ,,, , ,,,,
   , , ,,,,,,,,,,,,,,,, ,,, ,,, ,,,,,
   , ,, , ,,, ,,,,,,,,,,,, , , ,,,,,,,,
 ,,,, ,,, ,,,,,,,,,,,,,,,,, ,, ,,,
 , ,,,,,,,,,,,,,,,,,,,,,,,,, ,,,
 ,,,,,,,,,,,,,,,,,,,,,,,,,,,,,
 ,,,,,,,,,,,,,,,,,,,,,,,,, ,,,,
2021 1st week of Oct.,656.25,700,1135.71,357.14,700,126,618.75,310,343.57,150,150,270,941.67,1271.43,,375,,295,490,546.67,700,,,418,481.43,93.33,1000,,416.67
 Last Year,0.21211570247933892,,0.676993450462626,-0.016852021457542846,0.4222222222222222,-0.20960999360645258,0.18419026285394283,-0.010056338028168995,0.02289879529367642,0.5980588235294119,,-0.024024024024024024,-0.02092773053607268,0.5301355932203391,,0.21739130434782608,,0.004241561369164166,-0.13698157250176718,0.1865058591390487,-0.006622516556291391,,,0.2722222222222222,0.12928615426733286,-0.05555555555555555,0.30785389984414174,,0.11355656867368855
 2019.0,0.5602765957446809,0.5588235294117647,0.5432777071630654,0.11048384713149882,0.42857142857142855,-0.06563953488372089,0.12778333333333328,-0.00444759206798865,0.2742481751824818,1.0897692307692308,,0.3,-0.0877783132530121,0.5709628770301625,,0.3548387096774194,,0.5047555555555555,-0.045454545454545456,0.6797024199754866,0.37142857142857144,,,0.660443026501831,0.40425531914893614,0.18055555555555555,0.2138364779874214,,0.3492063492063492
  ,, ,,,,,,,,,,,,,,,,,,,,,,,,,,,
 2nd week of Oct.,1175,1150,1791.67,650,1150,480,825,541.67,662.5,383.33,600,575,1425,2108.33,,,,591.67,760,850,1066.67,,,754.17,825,287.5,1400,,
  ,  , ,,, ,,,,,,,,,,,,,,,,,,,,,,,,
 ,,,,,,,,,,,,,, ,,,,, ,, ,,,,,,,,
 ,,,,,,,,,,,,,,,,,,,,,,,,,,,,,
  ,,,,,,,,,,,,,,,,,,,,,,,,,,,,,
 , ,,,,,,,,,,,,,,,,,,,,,,,,,,,,
 2nd week of Oct.,1040,1116.67,1750,721.43,987.5,235.71,850,340,575,220,350,396,1390,2103.57,,,,415,935.71,757.14,1064.29,,,578.57,716.67,191.67,1564.29,,350
  ,  , ,,, ,,,,,,,,,,,,,,,,,,,,,,,,
 , , ,,,,,,,,,,,, ,,,,, ,, ,,,,,,,,
  , , ,,,,,,,,, , ,,,,,,,,, ,,,, ,,,,
  ,, ,,,,,,,,,,,,,,,, ,,,,,,,,,,,
  , ,, , ,,, ,,,,,,,,,,,, ,,,,,,,,,,
 ,,,, , ,, ,,,,,,,,,,,,,,,,,,, ,,,
 , ,,,,,,,,,,,,,,,,,,,,,,,,,,,,
 2nd  week of Oct.,1007.1428571428571,1041.6666666666667,1558.3333333333333,725,958.33,268.57142857142856,900,550,564.2857142857143,275,341.6666666666667,331.25,1550,1828.5714285714287,,,,550,770.8333333333334,700,1170.8333333333333,,,521.4285714285714,617.8571428571429,197,1507.142857142857,,416.6666666666667
  ,  , ,, , ,,,,,,,,,,,,,,,,,,,,, ,,,
   , , ,,,,,,,,,,,, ,,,,, ,, ,,,,,,,,
  , , ,, ,,, ,,,, , ,,,,,,,, , ,,, , ,,,,
   , , ,,,,,,,, ,,,,,,,, ,,, ,,, ,,,,,
   , ,, , ,,, ,,,,,,,,,,,, , , ,,,,,, ,,
 ,,,, ,,, ,,,,,,,,,,,,,,,,, ,, ,,,
 , ,,,,,,,,,,,,,,,,,,,,,,,,, ,,,
 ,,,,,,,,,,,,,,,,,,,,,,,,,,,,,
 ,,,,,,,,,,,,,,,,,,,,,,,,, ,,,,
 3rd week of Oct.,960,1150,1760.71,666.67,1200,485.71,915,540.71,689.29,362.5,533.33,516.67,1391.67,2167.86,,,,675,900,790,983.33,,,710.71,821.43,310,1383.33,,
  ,  , ,,, ,,,,,,,,,,,,,,,,,,,,,,,,
 ,,,,,,,,,,,,,, ,,,,, ,, ,,,,,,,,
 , ,,,,,,,,,,,,,,,,,,,,,,,,,,,,
 3rd week of Oct.,950,940,1592.86,596.43,925,217.57,850,325,437.56,325,500,366.67,1264.29,1778.57,,,,363.33,800,710.71,950,,,490.71,628.57,162.5,1450,,350
  ,  , ,,, ,,,,,,,,,,,,,,,,,,,,,,,,
 , , ,,,,,,,,,,,, ,,,,, ,, ,,,,,,,,
  , , ,, ,,,,,,, , ,,,,,,,,, ,,,, ,,,,
  ,, ,,,,,,,,,,,,,,,, ,,,,,,,,,,,
  , ,, , ,,, ,,,,,,,,,,,, ,,,,,,,,,,
 ,,,, , ,, ,,,,,,,,,,,,,,,,,,, ,,,
 , ,,,,,,,,,,,,,,,,,,,,,,,,,,,,
 3rd  week of Oct.,1200,1275,1666.6666666666667,740,1216.6666666666667,400,1000,675,691.6666666666666,250,466.6666666666667,500,1575,2133.3333333333335,,,,662.5,925,816.6666666666666,1333.3333333333333,,,583.3333333333334,716.6666666666666,270,1420,,500
  ,  , ,, , ,,,,,,,,,,,,,,,,,,,,, ,,,
   , , ,,,,,,,,,,,, ,,,,, ,, ,,,,,,,,
  , , ,, ,,, ,,,, , ,,,,,,,, , ,,, , ,,,,
   , , ,,,,,,,, ,,,,,,,, ,,, ,,, ,,,,,
   , ,, , ,,, ,,,,,,,,,,,, , , ,,,,,, ,,
 ,,,, ,,, ,,,,,,,,,,,,,,,,, ,, ,,,
 , ,,,,,,,,,,,,,,,,,,,,,,,,, ,,,
 ,,,,,,,,,,,,,,,,,,,,,,,,,,,,,
 ,,,,,,,,,,,,,,,,,,,,,,,,, ,,,,
2021 3rd week of Oct.,771.67,768.75,1168.75,462.5,775,186,681.25,432.5,429.17,196.67,250,326.67,945.83,1325,,450,,380,483.33,600,1000,,,489.17,445,130,1085,,450
 Last Year,,,,,,,,,,,,,,,,,,,,,,,,,,,,,
 2019.0,0.8571428571428571,0.7037111111111111,0.6686104514732953,0.5096528925619835,0.9585242290748898,0.2808641975308642,0.24078091106290672,0.1632948412578767,0.17409374999999994,0.1,0.45,0.1791044776119403,-0.17167226890756299,0.6826923076923077,,0.4158730158730159,,0.22448979591836735,0.0425531914893617,0.5505464480874317,0.17647058823529413,,,0.6502622950819672,0.27379999999999993,0.10836206896551719,0.29523809523809524,,0.4090909090909091
  ,, ,,,,,,,,,,,,,,,,,,,,,,,,,,,
 ,, ,,,,,,,,,,,,,,,,,,,,,,,,,,,
 4th week of Oct.,1280,1200,1800,660.71,1192.86,482.14,960,639.29,605,391.67,554.17,525,1300,2192.86,,,,632,696.43,814.29,1085.71,,,666.67,807.14,315,1433.33,,500
  ,  , ,,, ,,,,,,,,,,,,,,,,,,,,,,,,
 ,,,,,,,,,,,,,, ,,,,, ,, ,,,,,,,,
 , ,,,,,,,,,,,,,,,,,,,,,,,,,,,,
 4th week of Oct.,975,950,1366.6666666666667,637.5,890,225,800,358.33,466.67,235,475,321.67,1308.33,1541.6666666666667,,,,391.34,775,708.33,1205,,,500,620,150,1400,,350
  ,  , ,,, ,,,,,,,,,,,,,,,,,,,,,,,,
 , , ,,,,,,,,,,,, ,,,,, ,, ,,,,,,,,
  , , ,, ,,,,,,, , ,,,,,,,,, ,,,, ,,,,
  ,, ,,,,,,,,,,,,,,,, ,,,,,,,,,,,
  , ,, , ,,, ,,,,,,,,,,,, ,,,,,,,,,,
 ,,,, , ,, ,,,,,,,,,,,,,,,,,,, ,,,
 , ,,,,,,,,,,,,,,,,,,,,,,,,,,,,
 ,,,,,,,,,,,,,,,,,,,,,,,,,,,,,
 ,,,,,,,,,,,,,,,,,,,,,,,,, ,,,,
 4th  week of Oct.,1230,1121.4285714285713,1885.7142857142858,735.7142857142857,1241.6666666666667,383.3333333333333,835.7142857142857,887.5,714.2857142857143,279.1666666666667,,342.85714285714283,1578.5714285714287,2228.5714285714284,,,,710,850,710.7142857142857,1300,,,532.1428571428571,592.8571428571429,249,1542.857142857143,,400
  ,  , ,, , ,,,,,,,,,,,,,,,,,,,,, ,,,
   , , ,,,,,,,,,,,, ,,,,, ,, ,,,,,,,,
  , , ,, ,,, ,,,, , ,,,,,,,, , ,,, , ,,,,
   , , ,,,,,,,, ,,,,,,,, ,,, ,,, ,,,,,
   , ,, , ,,, ,,,,,,,,,,,, , , ,,,,,, ,,
 ,,,, ,,, ,,,,,,,,,,,,,,,,, ,, ,,,
 , ,,,,,,,,,,,,,,,,,,,,,,,,, ,,,
 ,,,,,,,,,,,,,,,,,,,,,,,,,,,,,
 ,,,,,,,,,,,,,,,,,,,,,,,,, ,,,,
 1st week of Sep.,1475,1250,1985.71,921.43,1491.67,521.43,1045.83,610,950,339.29,700,468,1483.33,2442.86,,,,850,1258.33,1125,1057.14,,,760.71,1116.67,385,1875,,
  ,  , ,,, ,,,,,,,,,,,,,,,,,,,,,,,,
 , ,,,,,,,,,,,,, ,,,,, ,, ,,,,,,,,
  , , ,,,,,,,,, , ,,,,,,,,, ,,,, ,,,,
  ,,,,,,,,,,,,,,,,,, ,,,,,,,,,,,
  , ,, ,,,, ,,,,,,,,,,,, ,,,,,,,,,,
 ,,,, , ,, ,,,,,,,,,,,,,,,,,,, ,,,
 , ,,,,,,,,,,,,,,,,,,,,,,,,,,,,
 1st  week of Sep.,1120,1083.33,1950,821.43,1300,303.57,1025,621.43,778.57,283.33,475,587.5,1585.71,2225,,,,666.67,1020,871.43,1166.67,,,537.5,660.71,219.29,1557.14,,
  ,  , ,, , ,,,,,,,,,,,,,,,,,,,,,,,,
   , , ,,,,,,,,,,,, ,,,,, ,, ,,,,,,,,
  , , ,, ,,, ,,,, , ,,,,,,,, , ,,, , ,,,,
   , , ,,,,,,,,,,,,,,,, ,,, ,,,,,,,,
   , ,, , ,,, ,,,,,,,,,,,, ,, ,,,,,,,,
 ,,,, ,,, ,,,,,,,,,,,,,,,,,,, ,,,
 , ,,,,,,,,,,,,,,,,,,,,,,,,, ,,,
 ,,,,,,,,,,,,,,,,,,,,,,,,,,,,,
 ,,,,,,,,,,,,,,,,,,,,,,,,, ,,,,
 1st week of Sep.,1600,1575,2108.33,928.57,1566.67,552.14,1300,839.24,1028.57,480,450,612.5,1557.14,2420.83,,,,1010,1075,1208.57,1453.33,,,1025,1075,456.25,1579.47,,
  ,  , ,,, ,,,,,,,,,,,,,,,,,,,,,,,,
 ,,,,,,,,,,,,,, ,,,,, ,, ,,,,,,,,
 ,,,,,,,,,,,,,,,,,,,,,,,,,,,,,
 ,,,,,,,,,,,,,,,,,,,,,,,,,,,,,
 , ,,,,,,,,,,,,,,,,,,,,,,,,,,,,
 2nd week of Sep.,1580,1600,2325,860,1850,850,1600,925,1150,550,533.33,600,1633.33,2650,,,,1016.17,1233.33,1240,1316.67,,,1020,1108.33,662.5,1515,,
  ,  , ,,, ,,,,,,,,,,,,,,,,,,,,,,,,
 ,,,,,,,,,,,,,, ,,,,, ,, ,,,,,,,,
 ,,,,,,,,,,,,,,,,,,,,,,,,,,,,,
 ,,,,,,,,,,,,,,,,,,,,,,,,,,,,,
 , ,,,,,,,,,,,,,,,,,,,,,,,,,,,,
 2nd week of Sep.,1325,1625,1966.67,928.57,1316.67,535.71,1200,571.43,1100,400,650,470,1433.33,2300,,,,766.67,1278.57,1121.43,1050,,,782.14,1028.57,408.33,1740,,400
  ,  , ,,, ,,,,,,,,,,,,,,,,,,,,,,,,
 , , ,,,,,,,,,,,, ,,,,, ,, ,,,,,,,,
  , , ,,,,,,,,, , ,,,,,,,,, ,,,, ,,,,
  ,,,,,,,,,,,,,,,,,, ,,,,,,,,,,,
  , ,, ,,,, ,,,,,,,,,,,, ,,,,,,,,,,
 ,,,, , ,, ,,,,,,,,,,,,,,,,,,, ,,,
 , ,,,,,,,,,,,,,,,,,,,,,,,,,,,,
 2nd  week of Sep.,1171.43,1233.33,1907.14,764.29,1478.52,314.29,1020,710.71,741.67,329.17,600,600,1535.71,2185.71,,,,785,1216.67,971.43,1285.71,,,600,835.71,208.5,1607.14,,366.67
  ,  , ,, , ,,,,,,,,,,,,,,,,,,,,, ,,,
   , , ,,,,,,,,,,,, ,,,,, ,, ,,,,,,,,
  , , ,, ,,, ,,,, , ,,,,,,,, , ,,, , ,,,,
   , , ,,,,,,,,,,,,,,,, ,,, ,,,,,,,,
   , ,, , ,,, ,,,,,,,,,,,, ,, ,,,,,,,,
 ,,,, ,,, ,,,,,,,,,,,,,,,,, ,, ,,,
 , ,,,,,,,,,,,,,,,,,,,,,,,,, ,,,
 ,,,,,,,,,,,,,,,,,,,,,,,,,,,,,
 ,,,,,,,,,,,,,,,,,,,,,,,,, ,,,,
2021 2nd week of Sept.,550,750,900,360.71,750,139.29,650,405,416.43,165,,,954.17,1200,,410,,361.67,507.14,587.5,866.67,,,443.33,450,98,925,,465
 Last Year,0.1111111111111111,,0.30952380952380953,-0.03350515463917526,0.14375000000000007,-0.0972972972972973,0.18070175438596492,0.28342245989304815,0.15938864628820956,0.6363636363636365,,,0.004222784810126541,0.49700598802395207,,0.004073170731707356,,0.18750961538461536,-0.17464856230031955,,-0.13559322033898308,,,0.0607397260273973,0.1572893203883495,,0.2966101694915254,,0.10759493670886076
 2019.0,0.213865815804533,,0.5714285714285714,0.11663639341333418,0.052755111902690964,-0.22685185185185186,0.13745838051616618,0.20603015075376885,0.12025316455696203,0.35846493462387513,,0.23392047382546188,-0.1451120689655173,0.42045454545454547,,0.17620000000000005,,0.26279141104294484,-0.2201207547169812,0.11378846153846146,0.32369888186376805,,,-0.06140606060606057,0.08816247836469997,-0.2976729559748428,0.125,,0.24289772727272727
  ,, ,,,,,,,,,,,,,,,,,,,,,,,,,,,
 3rd week of Sep.,1400,1140.67,2191.67,650,1500,600,1300,821.43,891.62,435,400,483.33,1442.86,2471.43,,,,778.57,1216.62,964.29,1200,,,775,830,396.43,1414.29,,500
  ,  , ,,, ,,,,,,,,,,,,,,,,,,,,,,,,
 ,,,,,,,,,,,,,, ,,,,, ,, ,,,,,,,,
 ,,,,,,,,,,,,,,,,,,,,,,,,,,,,,
 ,,,,,,,,,,,,,,,,,,,,,,,,,,,,,
 , ,,,,,,,,,,,,,,,,,,,,,,,,,,,,
 3rd week of Sep.,1242.86,1357.14,2142.86,830,1441.67,371.57,1125,471.43,900,420,525,465,1475,2371.43,,,,700,1033.33,1000,1166.67,,,764.29,910,273.33,1516.67,,
  ,  , ,,, ,,,,,,,,,,,,,,,,,,,,,,,,
 , , ,,,,,,,,,,,, ,,,,, ,, ,,,,,,,,
  , , ,,,,,,,,, , ,,,,,,,,, ,,,, ,,,,
  ,,,,,,,,,,,,,,,,,, ,,,,,,,,,,,
  , ,, ,,,, ,,,,,,,,,,,, ,,,,,,,,,,
 ,,,, , ,, ,,,,,,,,,,,,,,,,,,, ,,,
 , ,,,,,,,,,,,,,,,,,,,,,,,,,,,,
 3rd  week of Sep.,1180,1220,1950,690,1333.33,316.67,1000,712.5,758.33,291.67,600,500,1625,2375,,,,700,950,812.5,1300,,,566.67,690,235,1533.33,,
  ,  , ,, , ,,,,,,,,,,,,,,,,,,,,, ,,,
   , , ,,,,,,,,,,,, ,,,,, ,, ,,,,,,,,
  , , ,, ,,, ,,,, , ,,,,,,,, , ,,, , ,,,,
   , , ,,,,,,,,,,,,,,,, ,,, ,,,,,,,,
   , ,, , ,,, ,,,,,,,,,,,, ,, ,,,,,,,,
 ,,,, ,,, ,,,,,,,,,,,,,,,,, ,, ,,,
 , ,,,,,,,,,,,,,,,,,,,,,,,,, ,,,
 ,,,,,,,,,,,,,,,,,,,,,,,,,,,,,
 ,,,,,,,,,,,,,,,,,,,,,,,,, ,,,,
2021 3rd week of Sept.,700,633.33,1100,375,762.5,167,673,480,442.5,240,175,400,991.67,1250,,411.67,,411.67,516.67,579.17,850,,,387.17,496.67,111.67,956.25,,437.5
 Last Year,0.14484025559105423,0.3263157894736842,0.5759591836734693,-0.12237805027290305,0.05223880597014925,-0.20738484557016126,-0.028925619834710745,0.030927835051546393,-0.04154989384288746,,,-0.07878787878787878,-0.08064219561998581,0.4129244249726177,,0.004728132387706856,,-0.0008418367346938369,-0.22764705882352934,0.049069373942470386,,,,0.37530997919220144,0.1524731508092572,0.32292344393840805,0.30698097578860184,,
 2019.0,0.3271666666666666,0.4823529411764706,0.6453551136363636,-0.0039722222222222416,0.032422458483437284,-0.2448709463931171,-0.041598694942903754,0.12223999102208005,-0.01863043478260868,,,0.34513274336283184,-0.07638760609389729,0.4461883408071749,,0.13333333333333333,,0.2668434841672866,-0.14550793650793645,0.274592438788726,0.17821548868220072,,,0.2866666666666667,-0.002596382519145589,0.27677387846228974,0.1,,
  ,, ,,,,,,,,,,,,,,,,,,,,,,,,,,,
 4th week of Sep.,1362.5,1150,2042.86,596.43,1383.33,450,1125,637.86,728.57,375,,475,1433.33,2242.86,,,,692.8,695,975,1016.67,,,633.33,914.29,362.5,1325,,
  ,  , ,,, ,,,,,,,,,,,,,,,,,,,,,,,,
 ,,,,,,,,,,,,,, ,,,,, ,, ,,,,,,,,
 ,,,,,,,,,,,,,,,,,,,,,,,,,,,,,
 ,,,,,,,,,,,,,,,,,,,,,,,,,,,,,
 , ,,,,,,,,,,,,,,,,,,,,,,,,,,,,
 4th week of Sep.,1271.43,1371.43,2085.71,770,1358.33,308.33,1125,482,707.14,270.85,550,400,1528.57,2442.86,,,,550,1366.67,935.71,1350,,,633.33,850,209.57,1557.14,,350
  ,  , ,,, ,,,,,,,,,,,,,,,,,,,,,,,,
 , , ,,,,,,,,,,,, ,,,,, ,, ,,,,,,,,
  , , ,,,,,,,,, , ,,,,,,,,, ,,,, ,,,,
  ,,,,,,,,,,,,,,,,,, ,,,,,,,,,,,
  , ,, ,,,, ,,,,,,,,,,,, ,,,,,,,,,,
 ,,,, , ,, ,,,,,,,,,,,,,,,,,,, ,,,
 , ,,,,,,,,,,,,,,,,,,,,,,,,,,,,
 4th  week of Sep.,1275,1275,2000,880,1310,370.83,1060,891.67,733.33,337.5,525,666.67,1608.33,2325,,,,637.5,968.75,941.67,1160,,,641.67,754.17,255,1491.67,,400
  ,  , ,, , ,,,,,,,,,,,,,,,,,,,,, ,,,
   , , ,,,,,,,,,,,, ,,,,, ,, ,,,,,,,,
  , , ,, ,,, ,,,, , ,,,,,,,, , ,,, , ,,,,
   , , ,,,,,,,,,,,,,,,, ,,, ,,,,,,,,
   , ,, , ,,, ,,,,,,,,,,,, , , ,,,,,,,,
 ,,,, ,,, ,,,,,,,,,,,,,,,,, ,, ,,,
 , ,,,,,,,,,,,,,,,,,,,,,,,,, ,,,
 ,,,,,,,,,,,,,,,,,,,,,,,,,,,,,
 ,,,,,,,,,,,,,,,,,,,,,,,,, ,,,,
